name,pokedex_number,abilities,typing,hp,attack,defense,special_attack,special_defense,speed,height,weight,genus,gen_introduced,female_rate,genderless,baby_pokemon,legendary,mythical,is_default,forms_switchable,base_experience,capture_rate,egg_groups,egg_cycles,base_happiness,can_evolve,evolves_from,primary_color,shape,number_pokemon_with_typing,normal_attack_effectiveness,fire_attack_effectiveness,water_attack_effectiveness,electric_attack_effectiveness,grass_attack_effectiveness,ice_attack_effectiveness,fighting_attack_effectiveness,poison_attack_effectiveness,ground_attack_effectiveness,fly_attack_effectiveness,psychic_attack_effectiveness,bug_attack_effectiveness,rock_attack_effectiveness,ghost_attack_effectiveness,dragon_attack_effectiveness,dark_attack_effectiveness,steel_attack_effectiveness,fairy_attack_effectiveness
Bulbasaur,1,Overgrow~Chlorophyll,Grass~Poison,45,49,49,65,65,45,7,69,Seed Pokémon,1,0.125,False,False,False,False,True,False,64,45,Monster~Grass,20.0,70,True,,Green,Quadruped,15.0,1.0,2.0,0.5,0.5,0.25,2.0,0.5,1.0,1.0,2.0,2.0,1.0,1.0,1.0,1.0,1.0,1.0,0.5
Ivysaur,2,Overgrow~Chlorophyll,Grass~Poison,60,62,63,80,80,60,10,130,Seed Pokémon,1,0.125,False,False,False,False,True,False,142,45,Monster~Grass,20.0,70,True,Bulbasaur,Green,Quadruped,15.0,1.0,2.0,0.5,0.5,0.25,2.0,0.5,1.0,1.0,2.0,2.0,1.0,1.0,1.0,1.0,1.0,1.0,0.5
Venusaur,3,Overgrow~Chlorophyll,Grass~Poison,80,82,83,100,100,80,20,1000,Seed Pokémon,1,0.125,False,False,False,False,True,True,236,45,Monster~Grass,20.0,70,False,Ivysaur,Green,Quadruped,15.0,1.0,2.0,0.5,0.5,0.25,2.0,0.5,1.0,1.0,2.0,2.0,1.0,1.0,1.0,1.0,1.0,1.0,0.5
Charmander,4,Blaze~Solar Power,Fire,39,52,43,60,50,65,6,85,Lizard Pokémon,1,0.125,False,False,False,False,True,False,62,45,Monster~Dragon,20.0,70,True,,Red,Upright,34.0,1.0,0.5,2.0,1.0,0.5,0.5,1.0,1.0,2.0,1.0,1.0,0.5,2.0,1.0,1.0,1.0,0.5,0.5
Charmeleon,5,Blaze~Solar Power,Fire,58,64,58,80,65,80,11,190,Flame Pokémon,1,0.125,False,False,False,False,True,False,142,45,Monster~Dragon,20.0,70,True,Charmander,Red,Upright,34.0,1.0,0.5,2.0,1.0,0.5,0.5,1.0,1.0,2.0,1.0,1.0,0.5,2.0,1.0,1.0,1.0,0.5,0.5
Charizard,6,Blaze~Solar Power,Fire~Flying,78,84,78,109,85,100,17,905,Flame Pokémon,1,0.125,False,False,False,False,True,True,240,45,Monster~Dragon,20.0,70,False,Charmeleon,Red,Upright,7.0,1.0,0.5,2.0,2.0,0.25,1.0,0.5,1.0,0.0,1.0,1.0,0.25,4.0,1.0,1.0,1.0,0.5,0.5
Squirtle,7,Torrent~Rain Dish,Water,44,48,65,50,64,43,5,90,Tiny Turtle Pokémon,1,0.125,False,False,False,False,True,False,63,45,Monster~Water 1,20.0,70,True,,Blue,Upright,72.0,1.0,0.5,0.5,2.0,2.0,0.5,1.0,1.0,1.0,1.0,1.0,1.0,1.0,1.0,1.0,1.0,0.5,1.0
Wartortle,8,Torrent~Rain Dish,Water,59,63,80,65,80,58,10,225,Turtle Pokémon,1,0.125,False,False,False,False,True,False,142,45,Monster~Water 1,20.0,70,True,Squirtle,Blue,Upright,72.0,1.0,0.5,0.5,2.0,2.0,0.5,1.0,1.0,1.0,1.0,1.0,1.0,1.0,1.0,1.0,1.0,0.5,1.0
Blastoise,9,Torrent~Rain Dish,Water,79,83,100,85,105,78,16,855,Shellfish Pokémon,1,0.125,False,False,False,False,True,True,239,45,Monster~Water 1,20.0,70,False,Wartortle,Blue,Upright,72.0,1.0,0.5,0.5,2.0,2.0,0.5,1.0,1.0,1.0,1.0,1.0,1.0,1.0,1.0,1.0,1.0,0.5,1.0
Caterpie,10,Shield Dust~Run Away,Bug,45,30,35,20,20,45,3,29,Worm Pokémon,1,0.5,False,False,False,False,True,False,39,255,Bug,15.0,70,True,,Green,Armor,19.0,1.0,2.0,1.0,1.0,0.5,1.0,0.5,1.0,0.5,2.0,1.0,1.0,2.0,1.0,1.0,1.0,1.0,1.0
Metapod,11,Shed Skin,Bug,50,20,55,25,25,30,7,99,Cocoon Pokémon,1,0.5,False,False,False,False,True,False,72,120,Bug,15.0,70,True,Caterpie,Green,Squiggle,19.0,1.0,2.0,1.0,1.0,0.5,1.0,0.5,1.0,0.5,2.0,1.0,1.0,2.0,1.0,1.0,1.0,1.0,1.0
Butterfree,12,Compound Eyes~Tinted Lens,Bug~Flying,60,45,50,90,80,70,11,320,Butterfly Pokémon,1,0.5,False,False,False,False,True,False,178,45,Bug,15.0,70,False,Metapod,White,Bug-Wings,14.0,1.0,2.0,1.0,2.0,0.25,2.0,0.25,1.0,0.0,2.0,1.0,0.5,4.0,1.0,1.0,1.0,1.0,1.0
Weedle,13,Shield Dust~Run Away,Bug~Poison,40,35,30,20,20,50,3,32,Hairy Bug Pokémon,1,0.5,False,False,False,False,True,False,39,255,Bug,15.0,70,True,,Brown,Armor,13.0,1.0,2.0,1.0,1.0,0.25,1.0,0.25,0.5,1.0,2.0,2.0,0.5,2.0,1.0,1.0,1.0,1.0,0.5
Kakuna,14,Shed Skin,Bug~Poison,45,25,50,25,25,35,6,100,Cocoon Pokémon,1,0.5,False,False,False,False,True,False,72,120,Bug,15.0,70,True,Weedle,Yellow,Squiggle,13.0,1.0,2.0,1.0,1.0,0.25,1.0,0.25,0.5,1.0,2.0,2.0,0.5,2.0,1.0,1.0,1.0,1.0,0.5
Beedrill,15,Swarm~Sniper,Bug~Poison,65,90,40,45,80,75,10,295,Poison Bee Pokémon,1,0.5,False,False,False,False,True,True,178,45,Bug,15.0,70,False,Kakuna,Yellow,Bug-Wings,13.0,1.0,2.0,1.0,1.0,0.25,1.0,0.25,0.5,1.0,2.0,2.0,0.5,2.0,1.0,1.0,1.0,1.0,0.5
Pidgey,16,Keen Eye~Tangled Feet~Big Pecks,Normal~Flying,40,45,40,35,35,56,3,18,Tiny Bird Pokémon,1,0.5,False,False,False,False,True,False,50,255,Flying,15.0,70,True,,Brown,Wings,27.0,1.0,1.0,1.0,2.0,0.5,2.0,1.0,1.0,0.0,1.0,1.0,0.5,2.0,0.0,1.0,1.0,1.0,1.0
Pidgeotto,17,Keen Eye~Tangled Feet~Big Pecks,Normal~Flying,63,60,55,50,50,71,11,300,Bird Pokémon,1,0.5,False,False,False,False,True,False,122,120,Flying,15.0,70,True,Pidgey,Brown,Wings,27.0,1.0,1.0,1.0,2.0,0.5,2.0,1.0,1.0,0.0,1.0,1.0,0.5,2.0,0.0,1.0,1.0,1.0,1.0
Pidgeot,18,Keen Eye~Tangled Feet~Big Pecks,Normal~Flying,83,80,75,70,70,101,15,395,Bird Pokémon,1,0.5,False,False,False,False,True,True,216,45,Flying,15.0,70,False,Pidgeotto,Brown,Wings,27.0,1.0,1.0,1.0,2.0,0.5,2.0,1.0,1.0,0.0,1.0,1.0,0.5,2.0,0.0,1.0,1.0,1.0,1.0
Rattata,19,Run Away~Guts~Hustle,Normal,30,56,35,25,35,72,3,35,Mouse Pokémon,1,0.5,False,False,False,False,True,False,51,255,Field,15.0,70,True,,Purple,Quadruped,71.0,1.0,1.0,1.0,1.0,1.0,1.0,2.0,1.0,1.0,1.0,1.0,1.0,1.0,0.0,1.0,1.0,1.0,1.0
Raticate,20,Run Away~Guts~Hustle,Normal,55,81,60,50,70,97,7,185,Mouse Pokémon,1,0.5,False,False,False,False,True,False,145,127,Field,15.0,70,False,Rattata,Brown,Quadruped,71.0,1.0,1.0,1.0,1.0,1.0,1.0,2.0,1.0,1.0,1.0,1.0,1.0,1.0,0.0,1.0,1.0,1.0,1.0
Spearow,21,Keen Eye~Sniper,Normal~Flying,40,60,30,31,31,70,3,20,Tiny Bird Pokémon,1,0.5,False,False,False,False,True,False,52,255,Flying,15.0,70,True,,Brown,Wings,27.0,1.0,1.0,1.0,2.0,0.5,2.0,1.0,1.0,0.0,1.0,1.0,0.5,2.0,0.0,1.0,1.0,1.0,1.0
Fearow,22,Keen Eye~Sniper,Normal~Flying,65,90,65,61,61,100,12,380,Beak Pokémon,1,0.5,False,False,False,False,True,False,155,90,Flying,15.0,70,False,Spearow,Brown,Wings,27.0,1.0,1.0,1.0,2.0,0.5,2.0,1.0,1.0,0.0,1.0,1.0,0.5,2.0,0.0,1.0,1.0,1.0,1.0
Ekans,23,Intimidate~Shed Skin~Unnerve,Poison,35,60,44,40,54,55,20,69,Snake Pokémon,1,0.5,False,False,False,False,True,False,58,255,Field~Dragon,20.0,70,True,,Purple,Squiggle,16.0,1.0,1.0,1.0,1.0,0.5,1.0,0.5,0.5,2.0,1.0,2.0,0.5,1.0,1.0,1.0,1.0,1.0,0.5
Arbok,24,Intimidate~Shed Skin~Unnerve,Poison,60,95,69,65,79,80,35,650,Cobra Pokémon,1,0.5,False,False,False,False,True,False,157,90,Field~Dragon,20.0,70,False,Ekans,Purple,Squiggle,16.0,1.0,1.0,1.0,1.0,0.5,1.0,0.5,0.5,2.0,1.0,2.0,0.5,1.0,1.0,1.0,1.0,1.0,0.5
Pikachu,25,Static~Lightning Rod,Electric,35,55,40,50,50,90,4,60,Mouse Pokémon,1,0.5,False,False,False,False,True,False,112,190,Field~Fairy,10.0,70,True,Pichu,Yellow,Quadruped,34.0,1.0,1.0,1.0,0.5,1.0,1.0,1.0,1.0,2.0,0.5,1.0,1.0,1.0,1.0,1.0,1.0,0.5,1.0
Raichu,26,Static~Lightning Rod,Electric,60,90,55,90,80,110,8,300,Mouse Pokémon,1,0.5,False,False,False,False,True,False,218,75,Field~Fairy,10.0,70,False,Pikachu,Yellow,Upright,34.0,1.0,1.0,1.0,0.5,1.0,1.0,1.0,1.0,2.0,0.5,1.0,1.0,1.0,1.0,1.0,1.0,0.5,1.0
Sandshrew,27,Sand Veil~Sand Rush,Ground,50,75,85,20,30,40,6,120,Mouse Pokémon,1,0.5,False,False,False,False,True,False,60,255,Field,20.0,70,True,,Yellow,Upright,17.0,1.0,1.0,2.0,0.0,2.0,2.0,1.0,0.5,1.0,1.0,1.0,1.0,0.5,1.0,1.0,1.0,1.0,1.0
Sandslash,28,Sand Veil~Sand Rush,Ground,75,100,110,45,55,65,10,295,Mouse Pokémon,1,0.5,False,False,False,False,True,False,158,90,Field,20.0,70,False,Sandshrew,Yellow,Upright,17.0,1.0,1.0,2.0,0.0,2.0,2.0,1.0,0.5,1.0,1.0,1.0,1.0,0.5,1.0,1.0,1.0,1.0,1.0
Nidoran F,29,Poison Point~Rivalry~Hustle,Poison,55,47,52,40,40,41,4,70,Poison Pin Pokémon,1,1.0,False,False,False,False,True,False,55,235,Monster~Field,20.0,70,False,,Blue,Quadruped,16.0,1.0,1.0,1.0,1.0,0.5,1.0,0.5,0.5,2.0,1.0,2.0,0.5,1.0,1.0,1.0,1.0,1.0,0.5
Nidorina,30,Poison Point~Rivalry~Hustle,Poison,70,62,67,55,55,56,8,200,Poison Pin Pokémon,1,1.0,False,False,False,False,True,False,128,120,Undiscovered,20.0,70,True,Nidoran F,Blue,Quadruped,16.0,1.0,1.0,1.0,1.0,0.5,1.0,0.5,0.5,2.0,1.0,2.0,0.5,1.0,1.0,1.0,1.0,1.0,0.5
Nidoqueen,31,Poison Point~Rivalry~Sheer Force,Poison~Ground,90,92,87,75,85,76,13,600,Drill Pokémon,1,1.0,False,False,False,False,True,False,227,45,Undiscovered,20.0,70,False,Nidorina,Blue,Upright,2.0,1.0,1.0,2.0,0.0,1.0,2.0,0.5,0.25,2.0,1.0,2.0,0.5,0.5,1.0,1.0,1.0,1.0,0.5
Nidoran M,32,Poison Point~Rivalry~Hustle,Poison,46,57,40,40,40,50,5,90,Poison Pin Pokémon,1,0.0,False,False,False,False,True,False,55,235,Monster~Field,20.0,70,False,,Purple,Quadruped,16.0,1.0,1.0,1.0,1.0,0.5,1.0,0.5,0.5,2.0,1.0,2.0,0.5,1.0,1.0,1.0,1.0,1.0,0.5
Nidorino,33,Poison Point~Rivalry~Hustle,Poison,61,72,57,55,55,65,9,195,Poison Pin Pokémon,1,0.0,False,False,False,False,True,False,128,120,Monster~Field,20.0,70,True,Nidoran M,Purple,Quadruped,16.0,1.0,1.0,1.0,1.0,0.5,1.0,0.5,0.5,2.0,1.0,2.0,0.5,1.0,1.0,1.0,1.0,1.0,0.5
Nidoking,34,Poison Point~Rivalry~Sheer Force,Poison~Ground,81,102,77,85,75,85,14,620,Drill Pokémon,1,0.0,False,False,False,False,True,False,227,45,Monster~Field,20.0,70,False,Nidorino,Purple,Upright,2.0,1.0,1.0,2.0,0.0,1.0,2.0,0.5,0.25,2.0,1.0,2.0,0.5,0.5,1.0,1.0,1.0,1.0,0.5
Clefairy,35,Cute Charm~Magic Guard~Friend Guard,Fairy,70,45,48,60,65,35,6,75,Fairy Pokémon,1,0.75,False,False,False,False,True,False,113,150,Fairy,10.0,140,True,Cleffa,Pink,Upright,19.0,1.0,1.0,1.0,1.0,1.0,1.0,0.5,2.0,1.0,1.0,1.0,0.5,1.0,1.0,0.0,0.5,2.0,1.0
Clefable,36,Cute Charm~Magic Guard~Unaware,Fairy,95,70,73,95,90,60,13,400,Fairy Pokémon,1,0.75,False,False,False,False,True,False,217,25,Fairy,10.0,140,False,Clefairy,Pink,Upright,19.0,1.0,1.0,1.0,1.0,1.0,1.0,0.5,2.0,1.0,1.0,1.0,0.5,1.0,1.0,0.0,0.5,2.0,1.0
Vulpix,37,Flash Fire~Drought,Fire,38,41,40,50,65,65,6,99,Fox Pokémon,1,0.75,False,False,False,False,True,False,60,190,Field,20.0,70,True,,Brown,Quadruped,34.0,1.0,0.5,2.0,1.0,0.5,0.5,1.0,1.0,2.0,1.0,1.0,0.5,2.0,1.0,1.0,1.0,0.5,0.5
Ninetales,38,Flash Fire~Drought,Fire,73,76,75,81,100,100,11,199,Fox Pokémon,1,0.75,False,False,False,False,True,False,177,75,Field,20.0,70,False,Vulpix,Yellow,Quadruped,34.0,1.0,0.5,2.0,1.0,0.5,0.5,1.0,1.0,2.0,1.0,1.0,0.5,2.0,1.0,1.0,1.0,0.5,0.5
Jigglypuff,39,Cute Charm~Competitive~Friend Guard,Normal~Fairy,115,45,20,45,25,20,5,55,Balloon Pokémon,1,0.75,False,False,False,False,True,False,95,170,Fairy,10.0,70,True,Igglybuff,Pink,Humanoid,5.0,1.0,1.0,1.0,1.0,1.0,1.0,1.0,2.0,1.0,1.0,1.0,0.5,1.0,0.0,0.0,0.5,2.0,1.0
Wigglytuff,40,Cute Charm~Competitive~Frisk,Normal~Fairy,140,70,45,85,50,45,10,120,Balloon Pokémon,1,0.75,False,False,False,False,True,False,196,50,Fairy,10.0,70,False,Jigglypuff,Pink,Humanoid,5.0,1.0,1.0,1.0,1.0,1.0,1.0,1.0,2.0,1.0,1.0,1.0,0.5,1.0,0.0,0.0,0.5,2.0,1.0
Zubat,41,Inner Focus~Infiltrator,Poison~Flying,40,45,35,30,40,55,8,75,Bat Pokémon,1,0.5,False,False,False,False,True,False,49,255,Flying,15.0,70,True,,Purple,Wings,3.0,1.0,1.0,1.0,2.0,0.25,2.0,0.25,0.5,0.0,1.0,2.0,0.25,2.0,1.0,1.0,1.0,1.0,0.5
Golbat,42,Inner Focus~Infiltrator,Poison~Flying,75,80,70,65,75,90,16,550,Bat Pokémon,1,0.5,False,False,False,False,True,False,159,90,Flying,15.0,70,True,Zubat,Purple,Wings,3.0,1.0,1.0,1.0,2.0,0.25,2.0,0.25,0.5,0.0,1.0,2.0,0.25,2.0,1.0,1.0,1.0,1.0,0.5
Oddish,43,Chlorophyll~Run Away,Grass~Poison,45,50,55,75,65,30,5,54,Weed Pokémon,1,0.5,False,False,False,False,True,False,64,255,Grass,20.0,70,True,,Blue,Legs,15.0,1.0,2.0,0.5,0.5,0.25,2.0,0.5,1.0,1.0,2.0,2.0,1.0,1.0,1.0,1.0,1.0,1.0,0.5
Gloom,44,Chlorophyll~Stench,Grass~Poison,60,65,70,85,75,40,8,86,Weed Pokémon,1,0.5,False,False,False,False,True,False,138,120,Grass,20.0,70,True,Oddish,Blue,Humanoid,15.0,1.0,2.0,0.5,0.5,0.25,2.0,0.5,1.0,1.0,2.0,2.0,1.0,1.0,1.0,1.0,1.0,1.0,0.5
Vileplume,45,Chlorophyll~Effect Spore,Grass~Poison,75,80,85,110,90,50,12,186,Flower Pokémon,1,0.5,False,False,False,False,True,False,221,45,Grass,20.0,70,False,Gloom,Red,Humanoid,15.0,1.0,2.0,0.5,0.5,0.25,2.0,0.5,1.0,1.0,2.0,2.0,1.0,1.0,1.0,1.0,1.0,1.0,0.5
Paras,46,Effect Spore~Dry Skin~Damp,Bug~Grass,35,70,55,45,55,25,3,54,Mushroom Pokémon,1,0.5,False,False,False,False,True,False,57,190,Bug~Grass,20.0,70,True,,Red,Armor,6.0,1.0,4.0,0.5,0.5,0.25,2.0,0.5,2.0,0.25,4.0,1.0,2.0,2.0,1.0,1.0,1.0,1.0,1.0
Parasect,47,Effect Spore~Dry Skin~Damp,Bug~Grass,60,95,80,60,80,30,10,295,Mushroom Pokémon,1,0.5,False,False,False,False,True,False,142,75,Bug~Grass,20.0,70,False,Paras,Red,Armor,6.0,1.0,4.0,0.5,0.5,0.25,2.0,0.5,2.0,0.25,4.0,1.0,2.0,2.0,1.0,1.0,1.0,1.0,1.0
Venonat,48,Compound Eyes~Tinted Lens~Run Away,Bug~Poison,60,55,50,40,55,45,10,300,Insect Pokémon,1,0.5,False,False,False,False,True,False,61,190,Bug,20.0,70,True,,Purple,Humanoid,13.0,1.0,2.0,1.0,1.0,0.25,1.0,0.25,0.5,1.0,2.0,2.0,0.5,2.0,1.0,1.0,1.0,1.0,0.5
Venomoth,49,Shield Dust~Tinted Lens~Wonder Skin,Bug~Poison,70,65,60,90,75,90,15,125,Poison Moth Pokémon,1,0.5,False,False,False,False,True,False,158,75,Bug,20.0,70,False,Venonat,Purple,Bug-Wings,13.0,1.0,2.0,1.0,1.0,0.25,1.0,0.25,0.5,1.0,2.0,2.0,0.5,2.0,1.0,1.0,1.0,1.0,0.5
Diglett,50,Sand Veil~Arena Trap~Sand Force,Ground,10,55,25,35,45,95,2,8,Mole Pokémon,1,0.5,False,False,False,False,True,False,53,255,Field,20.0,70,True,,Brown,Blob,17.0,1.0,1.0,2.0,0.0,2.0,2.0,1.0,0.5,1.0,1.0,1.0,1.0,0.5,1.0,1.0,1.0,1.0,1.0
Dugtrio,51,Sand Veil~Arena Trap~Sand Force,Ground,35,100,50,50,70,120,7,333,Mole Pokémon,1,0.5,False,False,False,False,True,False,149,50,Field,20.0,70,False,Diglett,Brown,Heads,17.0,1.0,1.0,2.0,0.0,2.0,2.0,1.0,0.5,1.0,1.0,1.0,1.0,0.5,1.0,1.0,1.0,1.0,1.0
Meowth,52,Pickup~Technician~Unnerve,Normal,40,45,35,40,40,90,4,42,Scratch Cat Pokémon,1,0.5,False,False,False,False,True,False,58,255,Field,20.0,70,True,,Yellow,Quadruped,71.0,1.0,1.0,1.0,1.0,1.0,1.0,2.0,1.0,1.0,1.0,1.0,1.0,1.0,0.0,1.0,1.0,1.0,1.0
Persian,53,Limber~Technician~Unnerve,Normal,65,70,60,65,65,115,10,320,Classy Cat Pokémon,1,0.5,False,False,False,False,True,False,154,90,Field,20.0,70,False,Meowth,Yellow,Quadruped,71.0,1.0,1.0,1.0,1.0,1.0,1.0,2.0,1.0,1.0,1.0,1.0,1.0,1.0,0.0,1.0,1.0,1.0,1.0
Psyduck,54,Damp~Cloud Nine~Swift Swim,Water,50,52,48,65,50,55,8,196,Duck Pokémon,1,0.5,False,False,False,False,True,False,64,190,Water 1~Field,20.0,70,True,,Yellow,Upright,72.0,1.0,0.5,0.5,2.0,2.0,0.5,1.0,1.0,1.0,1.0,1.0,1.0,1.0,1.0,1.0,1.0,0.5,1.0
Golduck,55,Damp~Cloud Nine~Swift Swim,Water,80,82,78,95,80,85,17,766,Duck Pokémon,1,0.5,False,False,False,False,True,False,175,75,Water 1~Field,20.0,70,False,Psyduck,Blue,Upright,72.0,1.0,0.5,0.5,2.0,2.0,0.5,1.0,1.0,1.0,1.0,1.0,1.0,1.0,1.0,1.0,1.0,0.5,1.0
Mankey,56,Vital Spirit~Anger Point~Defiant,Fighting,40,80,35,35,45,70,5,280,Pig Monkey Pokémon,1,0.5,False,False,False,False,True,False,61,190,Field,20.0,70,True,,Brown,Upright,29.0,1.0,1.0,1.0,1.0,1.0,1.0,1.0,1.0,1.0,2.0,2.0,0.5,0.5,1.0,1.0,0.5,1.0,2.0
Primeape,57,Vital Spirit~Anger Point~Defiant,Fighting,65,105,60,60,70,95,10,320,Pig Monkey Pokémon,1,0.5,False,False,False,False,True,False,159,75,Field,20.0,70,False,Mankey,Brown,Upright,29.0,1.0,1.0,1.0,1.0,1.0,1.0,1.0,1.0,1.0,2.0,2.0,0.5,0.5,1.0,1.0,0.5,1.0,2.0
Growlithe,58,Intimidate~Flash Fire~Justified,Fire,55,70,45,70,50,60,7,190,Puppy Pokémon,1,0.25,False,False,False,False,True,False,70,190,Field,20.0,70,True,,Brown,Quadruped,34.0,1.0,0.5,2.0,1.0,0.5,0.5,1.0,1.0,2.0,1.0,1.0,0.5,2.0,1.0,1.0,1.0,0.5,0.5
Arcanine,59,Intimidate~Flash Fire~Justified,Fire,90,110,80,100,80,95,19,1550,Legendary Pokémon,1,0.25,False,False,False,False,True,False,194,75,Field,20.0,70,False,Growlithe,Brown,Quadruped,34.0,1.0,0.5,2.0,1.0,0.5,0.5,1.0,1.0,2.0,1.0,1.0,0.5,2.0,1.0,1.0,1.0,0.5,0.5
Poliwag,60,Water Absorb~Damp~Swift Swim,Water,40,50,40,40,40,90,6,124,Tadpole Pokémon,1,0.5,False,False,False,False,True,False,60,255,Water 1,20.0,70,True,,Blue,Legs,72.0,1.0,0.5,0.5,2.0,2.0,0.5,1.0,1.0,1.0,1.0,1.0,1.0,1.0,1.0,1.0,1.0,0.5,1.0
Poliwhirl,61,Water Absorb~Damp~Swift Swim,Water,65,65,65,50,50,90,10,200,Tadpole Pokémon,1,0.5,False,False,False,False,True,False,135,120,Water 1,20.0,70,True,Poliwag,Blue,Humanoid,72.0,1.0,0.5,0.5,2.0,2.0,0.5,1.0,1.0,1.0,1.0,1.0,1.0,1.0,1.0,1.0,1.0,0.5,1.0
Poliwrath,62,Water Absorb~Damp~Swift Swim,Water~Fighting,90,95,95,70,90,70,13,540,Tadpole Pokémon,1,0.5,False,False,False,False,True,False,230,45,Water 1,20.0,70,False,Poliwhirl,Blue,Humanoid,4.0,1.0,0.5,0.5,2.0,2.0,0.5,1.0,1.0,1.0,2.0,2.0,0.5,0.5,1.0,1.0,0.5,0.5,2.0
Abra,63,Synchronize~Inner Focus~Magic Guard,Psychic,25,20,15,105,55,90,9,195,Psi Pokémon,1,0.25,False,False,False,False,True,False,62,200,Human-Like,20.0,70,True,,Brown,Upright,45.0,1.0,1.0,1.0,1.0,1.0,1.0,0.5,1.0,1.0,1.0,0.5,2.0,1.0,2.0,1.0,2.0,1.0,1.0
Kadabra,64,Synchronize~Inner Focus~Magic Guard,Psychic,40,35,30,120,70,105,13,565,Psi Pokémon,1,0.25,False,False,False,False,True,False,140,100,Human-Like,20.0,70,True,Abra,Brown,Upright,45.0,1.0,1.0,1.0,1.0,1.0,1.0,0.5,1.0,1.0,1.0,0.5,2.0,1.0,2.0,1.0,2.0,1.0,1.0
Alakazam,65,Synchronize~Inner Focus~Magic Guard,Psychic,55,50,45,135,95,120,15,480,Psi Pokémon,1,0.25,False,False,False,False,True,True,225,50,Human-Like,20.0,70,False,Kadabra,Brown,Humanoid,45.0,1.0,1.0,1.0,1.0,1.0,1.0,0.5,1.0,1.0,1.0,0.5,2.0,1.0,2.0,1.0,2.0,1.0,1.0
Machop,66,Guts~No Guard~Steadfast,Fighting,70,80,50,35,35,35,8,195,Superpower Pokémon,1,0.25,False,False,False,False,True,False,61,180,Human-Like,20.0,70,True,,Gray,Upright,29.0,1.0,1.0,1.0,1.0,1.0,1.0,1.0,1.0,1.0,2.0,2.0,0.5,0.5,1.0,1.0,0.5,1.0,2.0
Machoke,67,Guts~No Guard~Steadfast,Fighting,80,100,70,50,60,45,15,705,Superpower Pokémon,1,0.25,False,False,False,False,True,False,142,90,Human-Like,20.0,70,True,Machop,Gray,Humanoid,29.0,1.0,1.0,1.0,1.0,1.0,1.0,1.0,1.0,1.0,2.0,2.0,0.5,0.5,1.0,1.0,0.5,1.0,2.0
Machamp,68,Guts~No Guard~Steadfast,Fighting,90,130,80,65,85,55,16,1300,Superpower Pokémon,1,0.25,False,False,False,False,True,False,227,45,Human-Like,20.0,70,False,Machoke,Gray,Humanoid,29.0,1.0,1.0,1.0,1.0,1.0,1.0,1.0,1.0,1.0,2.0,2.0,0.5,0.5,1.0,1.0,0.5,1.0,2.0
Bellsprout,69,Chlorophyll~Gluttony,Grass~Poison,50,75,35,70,30,40,7,40,Flower Pokémon,1,0.5,False,False,False,False,True,False,60,255,Grass,20.0,70,True,,Green,Humanoid,15.0,1.0,2.0,0.5,0.5,0.25,2.0,0.5,1.0,1.0,2.0,2.0,1.0,1.0,1.0,1.0,1.0,1.0,0.5
Weepinbell,70,Chlorophyll~Gluttony,Grass~Poison,65,90,50,85,45,55,10,64,Flycatcher Pokémon,1,0.5,False,False,False,False,True,False,137,120,Grass,20.0,70,True,Bellsprout,Green,Blob,15.0,1.0,2.0,0.5,0.5,0.25,2.0,0.5,1.0,1.0,2.0,2.0,1.0,1.0,1.0,1.0,1.0,1.0,0.5
Victreebel,71,Chlorophyll~Gluttony,Grass~Poison,80,105,65,100,70,70,17,155,Flycatcher Pokémon,1,0.5,False,False,False,False,True,False,221,45,Grass,20.0,70,False,Weepinbell,Green,Blob,15.0,1.0,2.0,0.5,0.5,0.25,2.0,0.5,1.0,1.0,2.0,2.0,1.0,1.0,1.0,1.0,1.0,1.0,0.5
Tentacool,72,Clear Body~Liquid Ooze~Rain Dish,Water~Poison,40,40,35,50,100,70,9,455,Jellyfish Pokémon,1,0.5,False,False,False,False,True,False,67,190,Water 3,20.0,70,True,,Blue,Tentacles,6.0,1.0,0.5,0.5,2.0,1.0,0.5,0.5,0.5,2.0,1.0,2.0,0.5,1.0,1.0,1.0,1.0,0.5,0.5
Tentacruel,73,Clear Body~Liquid Ooze~Rain Dish,Water~Poison,80,70,65,80,120,100,16,550,Jellyfish Pokémon,1,0.5,False,False,False,False,True,False,180,60,Water 3,20.0,70,False,Tentacool,Blue,Tentacles,6.0,1.0,0.5,0.5,2.0,1.0,0.5,0.5,0.5,2.0,1.0,2.0,0.5,1.0,1.0,1.0,1.0,0.5,0.5
Geodude,74,Rock Head~Sturdy~Sand Veil,Rock~Ground,40,80,100,30,30,20,4,200,Rock Pokémon,1,0.5,False,False,False,False,True,False,60,255,Mineral,15.0,70,True,,Brown,Arms,9.0,0.5,0.5,4.0,0.0,4.0,2.0,2.0,0.25,2.0,0.5,1.0,1.0,0.5,1.0,1.0,1.0,2.0,1.0
Graveler,75,Rock Head~Sturdy~Sand Veil,Rock~Ground,55,95,115,45,45,35,10,1050,Rock Pokémon,1,0.5,False,False,False,False,True,False,137,120,Mineral,15.0,70,True,Geodude,Brown,Humanoid,9.0,0.5,0.5,4.0,0.0,4.0,2.0,2.0,0.25,2.0,0.5,1.0,1.0,0.5,1.0,1.0,1.0,2.0,1.0
Golem,76,Rock Head~Sturdy~Sand Veil,Rock~Ground,80,120,130,55,65,45,14,3000,Megaton Pokémon,1,0.5,False,False,False,False,True,False,223,45,Mineral,15.0,70,False,Graveler,Brown,Humanoid,9.0,0.5,0.5,4.0,0.0,4.0,2.0,2.0,0.25,2.0,0.5,1.0,1.0,0.5,1.0,1.0,1.0,2.0,1.0
Ponyta,77,Run Away~Flash Fire~Flame Body,Fire,50,85,55,65,65,90,10,300,Fire Horse Pokémon,1,0.5,False,False,False,False,True,False,82,190,Field,20.0,70,True,,Yellow,Quadruped,34.0,1.0,0.5,2.0,1.0,0.5,0.5,1.0,1.0,2.0,1.0,1.0,0.5,2.0,1.0,1.0,1.0,0.5,0.5
Rapidash,78,Run Away~Flash Fire~Flame Body,Fire,65,100,70,80,80,105,17,950,Fire Horse Pokémon,1,0.5,False,False,False,False,True,False,175,60,Field,20.0,70,False,Ponyta,Yellow,Quadruped,34.0,1.0,0.5,2.0,1.0,0.5,0.5,1.0,1.0,2.0,1.0,1.0,0.5,2.0,1.0,1.0,1.0,0.5,0.5
Slowpoke,79,Oblivious~Own Tempo~Regenerator,Water~Psychic,90,65,65,40,40,15,12,360,Dopey Pokémon,1,0.5,False,False,False,False,True,False,63,190,Monster~Water 1,20.0,70,True,,Pink,Quadruped,6.0,1.0,0.5,0.5,2.0,2.0,0.5,0.5,1.0,1.0,1.0,0.5,2.0,1.0,2.0,1.0,2.0,0.5,1.0
Slowbro,80,Oblivious~Own Tempo~Regenerator,Water~Psychic,95,75,110,100,80,30,16,785,Hermit Crab Pokémon,1,0.5,False,False,False,False,True,True,172,75,Monster~Water 1,20.0,70,False,Slowpoke,Pink,Upright,6.0,1.0,0.5,0.5,2.0,2.0,0.5,0.5,1.0,1.0,1.0,0.5,2.0,1.0,2.0,1.0,2.0,0.5,1.0
Magnemite,81,Magnet Pull~Sturdy~Analytic,Electric~Steel,25,35,70,95,55,45,3,60,Magnet Pokémon,1,0.0,True,False,False,False,True,False,65,190,Mineral,20.0,70,True,,Gray,Arms,4.0,0.5,2.0,1.0,0.5,0.5,0.5,2.0,0.0,4.0,0.25,0.5,0.5,0.5,1.0,0.5,1.0,0.25,0.5
Magneton,82,Magnet Pull~Sturdy~Analytic,Electric~Steel,50,60,95,120,70,70,10,600,Magnet Pokémon,1,0.0,True,False,False,False,True,False,163,60,Mineral,20.0,70,True,Magnemite,Gray,Heads,4.0,0.5,2.0,1.0,0.5,0.5,0.5,2.0,0.0,4.0,0.25,0.5,0.5,0.5,1.0,0.5,1.0,0.25,0.5
Farfetchd,83,Keen Eye~Inner Focus~Defiant,Normal~Flying,52,90,55,58,62,60,8,150,Wild Duck Pokémon,1,0.5,False,False,False,False,True,False,132,45,Flying~Field,20.0,70,False,,Brown,Wings,27.0,1.0,1.0,1.0,2.0,0.5,2.0,1.0,1.0,0.0,1.0,1.0,0.5,2.0,0.0,1.0,1.0,1.0,1.0
Doduo,84,Run Away~Early Bird~Tangled Feet,Normal~Flying,35,85,45,35,35,75,14,392,Twin Bird Pokémon,1,0.5,False,False,False,False,True,False,62,190,Flying,20.0,70,True,,Brown,Legs,27.0,1.0,1.0,1.0,2.0,0.5,2.0,1.0,1.0,0.0,1.0,1.0,0.5,2.0,0.0,1.0,1.0,1.0,1.0
Dodrio,85,Run Away~Early Bird~Tangled Feet,Normal~Flying,60,110,70,60,60,110,18,852,Triple Bird Pokémon,1,0.5,False,False,False,False,True,False,165,45,Flying,20.0,70,False,Doduo,Brown,Legs,27.0,1.0,1.0,1.0,2.0,0.5,2.0,1.0,1.0,0.0,1.0,1.0,0.5,2.0,0.0,1.0,1.0,1.0,1.0
Seel,86,Thick Fat~Hydration~Ice Body,Water,65,45,55,45,70,45,11,900,Sea Lion Pokémon,1,0.5,False,False,False,False,True,False,65,190,Water 1~Field,20.0,70,True,,White,Fish,72.0,1.0,0.5,0.5,2.0,2.0,0.5,1.0,1.0,1.0,1.0,1.0,1.0,1.0,1.0,1.0,1.0,0.5,1.0
Dewgong,87,Thick Fat~Hydration~Ice Body,Water~Ice,90,70,80,70,95,70,17,1200,Sea Lion Pokémon,1,0.5,False,False,False,False,True,False,166,75,Water 1~Field,20.0,70,False,Seel,White,Fish,7.0,1.0,1.0,0.5,2.0,2.0,0.25,2.0,1.0,1.0,1.0,1.0,1.0,2.0,1.0,1.0,1.0,1.0,1.0
Grimer,88,Stench~Sticky Hold~Poison Touch,Poison,80,80,50,40,50,25,9,300,Sludge Pokémon,1,0.5,False,False,False,False,True,False,65,190,Amorphous,20.0,70,True,,Purple,Arms,16.0,1.0,1.0,1.0,1.0,0.5,1.0,0.5,0.5,2.0,1.0,2.0,0.5,1.0,1.0,1.0,1.0,1.0,0.5
Muk,89,Stench~Sticky Hold~Poison Touch,Poison,105,105,75,65,100,50,12,300,Sludge Pokémon,1,0.5,False,False,False,False,True,False,175,75,Amorphous,20.0,70,False,Grimer,Purple,Arms,16.0,1.0,1.0,1.0,1.0,0.5,1.0,0.5,0.5,2.0,1.0,2.0,0.5,1.0,1.0,1.0,1.0,1.0,0.5
Shellder,90,Shell Armor~Skill Link~Overcoat,Water,30,65,100,45,25,40,3,40,Bivalve Pokémon,1,0.5,False,False,False,False,True,False,61,190,Water 3,20.0,70,True,,Purple,Ball,72.0,1.0,0.5,0.5,2.0,2.0,0.5,1.0,1.0,1.0,1.0,1.0,1.0,1.0,1.0,1.0,1.0,0.5,1.0
Cloyster,91,Shell Armor~Skill Link~Overcoat,Water~Ice,50,95,180,85,45,70,15,1325,Bivalve Pokémon,1,0.5,False,False,False,False,True,False,184,60,Water 3,20.0,70,False,Shellder,Purple,Ball,7.0,1.0,1.0,0.5,2.0,2.0,0.25,2.0,1.0,1.0,1.0,1.0,1.0,2.0,1.0,1.0,1.0,1.0,1.0
Gastly,92,Levitate,Ghost~Poison,30,35,30,100,35,80,13,1,Gas Pokémon,1,0.5,False,False,False,False,True,False,62,190,Amorphous,20.0,70,True,,Purple,Ball,4.0,0.0,1.0,1.0,1.0,0.5,1.0,0.0,0.25,2.0,1.0,2.0,0.25,1.0,2.0,1.0,2.0,1.0,0.5
Haunter,93,Levitate,Ghost~Poison,45,50,45,115,55,95,16,1,Gas Pokémon,1,0.5,False,False,False,False,True,False,142,90,Amorphous,20.0,70,True,Gastly,Purple,Arms,4.0,0.0,1.0,1.0,1.0,0.5,1.0,0.0,0.25,2.0,1.0,2.0,0.25,1.0,2.0,1.0,2.0,1.0,0.5
Gengar,94,Cursed Body,Ghost~Poison,60,65,60,130,75,110,15,405,Shadow Pokémon,1,0.5,False,False,False,False,True,True,225,45,Amorphous,20.0,70,False,Haunter,Purple,Upright,4.0,0.0,1.0,1.0,1.0,0.5,1.0,0.0,0.25,2.0,1.0,2.0,0.25,1.0,2.0,1.0,2.0,1.0,0.5
Onix,95,Rock Head~Sturdy~Weak Armor,Rock~Ground,35,45,160,30,45,70,88,2100,Rock Snake Pokémon,1,0.5,False,False,False,False,True,False,77,45,Mineral,25.0,70,True,,Gray,Squiggle,9.0,0.5,0.5,4.0,0.0,4.0,2.0,2.0,0.25,2.0,0.5,1.0,1.0,0.5,1.0,1.0,1.0,2.0,1.0
Drowzee,96,Insomnia~Forewarn~Inner Focus,Psychic,60,48,45,43,90,42,10,324,Hypnosis Pokémon,1,0.5,False,False,False,False,True,False,66,190,Human-Like,20.0,70,True,,Yellow,Humanoid,45.0,1.0,1.0,1.0,1.0,1.0,1.0,0.5,1.0,1.0,1.0,0.5,2.0,1.0,2.0,1.0,2.0,1.0,1.0
Hypno,97,Insomnia~Forewarn~Inner Focus,Psychic,85,73,70,73,115,67,16,756,Hypnosis Pokémon,1,0.5,False,False,False,False,True,False,169,75,Human-Like,20.0,70,False,Drowzee,Yellow,Humanoid,45.0,1.0,1.0,1.0,1.0,1.0,1.0,0.5,1.0,1.0,1.0,0.5,2.0,1.0,2.0,1.0,2.0,1.0,1.0
Krabby,98,Hyper Cutter~Shell Armor~Sheer Force,Water,30,105,90,25,25,50,4,65,River Crab Pokémon,1,0.5,False,False,False,False,True,False,65,225,Water 3,20.0,70,True,,Red,Armor,72.0,1.0,0.5,0.5,2.0,2.0,0.5,1.0,1.0,1.0,1.0,1.0,1.0,1.0,1.0,1.0,1.0,0.5,1.0
Kingler,99,Hyper Cutter~Shell Armor~Sheer Force,Water,55,130,115,50,50,75,13,600,Pincer Pokémon,1,0.5,False,False,False,False,True,False,166,60,Water 3,20.0,70,False,Krabby,Red,Armor,72.0,1.0,0.5,0.5,2.0,2.0,0.5,1.0,1.0,1.0,1.0,1.0,1.0,1.0,1.0,1.0,1.0,0.5,1.0
Voltorb,100,Soundproof~Static~Aftermath,Electric,40,30,50,55,55,100,5,104,Ball Pokémon,1,0.0,True,False,False,False,True,False,66,190,Mineral,20.0,70,True,,Red,Ball,34.0,1.0,1.0,1.0,0.5,1.0,1.0,1.0,1.0,2.0,0.5,1.0,1.0,1.0,1.0,1.0,1.0,0.5,1.0
Electrode,101,Soundproof~Static~Aftermath,Electric,60,50,70,80,80,150,12,666,Ball Pokémon,1,0.0,True,False,False,False,True,False,172,60,Mineral,20.0,70,False,Voltorb,Red,Ball,34.0,1.0,1.0,1.0,0.5,1.0,1.0,1.0,1.0,2.0,0.5,1.0,1.0,1.0,1.0,1.0,1.0,0.5,1.0
Exeggcute,102,Chlorophyll~Harvest,Grass~Psychic,60,40,80,60,45,40,4,25,Egg Pokémon,1,0.5,False,False,False,False,True,False,65,90,Grass,20.0,70,True,,Pink,Heads,4.0,1.0,2.0,0.5,0.5,0.5,2.0,0.5,2.0,0.5,2.0,0.5,4.0,1.0,2.0,1.0,2.0,1.0,1.0
Exeggutor,103,Chlorophyll~Harvest,Grass~Psychic,95,95,85,125,75,55,20,1200,Coconut Pokémon,1,0.5,False,False,False,False,True,False,186,45,Grass,20.0,70,False,Exeggcute,Yellow,Legs,4.0,1.0,2.0,0.5,0.5,0.5,2.0,0.5,2.0,0.5,2.0,0.5,4.0,1.0,2.0,1.0,2.0,1.0,1.0
Cubone,104,Rock Head~Lightning Rod~Battle Armor,Ground,50,50,95,40,50,35,4,65,Lonely Pokémon,1,0.5,False,False,False,False,True,False,64,190,Monster,20.0,70,True,,Brown,Upright,17.0,1.0,1.0,2.0,0.0,2.0,2.0,1.0,0.5,1.0,1.0,1.0,1.0,0.5,1.0,1.0,1.0,1.0,1.0
Marowak,105,Rock Head~Lightning Rod~Battle Armor,Ground,60,80,110,50,80,45,10,450,Bone Keeper Pokémon,1,0.5,False,False,False,False,True,False,149,75,Monster,20.0,70,False,Cubone,Brown,Upright,17.0,1.0,1.0,2.0,0.0,2.0,2.0,1.0,0.5,1.0,1.0,1.0,1.0,0.5,1.0,1.0,1.0,1.0,1.0
Hitmonlee,106,Limber~Reckless~Unburden,Fighting,50,120,53,35,110,87,15,498,Kicking Pokémon,1,0.0,False,False,False,False,True,False,159,45,Human-Like,25.0,70,False,Tyrogue,Brown,Humanoid,29.0,1.0,1.0,1.0,1.0,1.0,1.0,1.0,1.0,1.0,2.0,2.0,0.5,0.5,1.0,1.0,0.5,1.0,2.0
Hitmonchan,107,Keen Eye~Iron Fist~Inner Focus,Fighting,50,105,79,35,110,76,14,502,Punching Pokémon,1,0.0,False,False,False,False,True,False,159,45,Human-Like,25.0,70,False,Tyrogue,Brown,Humanoid,29.0,1.0,1.0,1.0,1.0,1.0,1.0,1.0,1.0,1.0,2.0,2.0,0.5,0.5,1.0,1.0,0.5,1.0,2.0
Lickitung,108,Own Tempo~Oblivious~Cloud Nine,Normal,90,55,75,60,75,30,12,655,Licking Pokémon,1,0.5,False,False,False,False,True,False,77,45,Monster,20.0,70,True,,Pink,Upright,71.0,1.0,1.0,1.0,1.0,1.0,1.0,2.0,1.0,1.0,1.0,1.0,1.0,1.0,0.0,1.0,1.0,1.0,1.0
Koffing,109,Levitate,Poison,40,65,95,60,45,35,6,10,Poison Gas Pokémon,1,0.5,False,False,False,False,True,False,68,190,Amorphous,20.0,70,True,,Purple,Ball,16.0,1.0,1.0,1.0,1.0,0.5,1.0,0.5,0.5,2.0,1.0,2.0,0.5,1.0,1.0,1.0,1.0,1.0,0.5
Weezing,110,Levitate,Poison,65,90,120,85,70,60,12,95,Poison Gas Pokémon,1,0.5,False,False,False,False,True,False,172,60,Amorphous,20.0,70,False,Koffing,Purple,Heads,16.0,1.0,1.0,1.0,1.0,0.5,1.0,0.5,0.5,2.0,1.0,2.0,0.5,1.0,1.0,1.0,1.0,1.0,0.5
Rhyhorn,111,Lightning Rod~Rock Head~Reckless,Ground~Rock,80,85,95,30,30,25,10,1150,Spikes Pokémon,1,0.5,False,False,False,False,True,False,69,120,Monster~Field,20.0,70,True,,Gray,Quadruped,9.0,0.5,0.5,4.0,0.0,4.0,2.0,2.0,0.25,2.0,0.5,1.0,1.0,0.5,1.0,1.0,1.0,2.0,1.0
Rhydon,112,Lightning Rod~Rock Head~Reckless,Ground~Rock,105,130,120,45,45,40,19,1200,Drill Pokémon,1,0.5,False,False,False,False,True,False,170,60,Monster~Field,20.0,70,True,Rhyhorn,Gray,Upright,9.0,0.5,0.5,4.0,0.0,4.0,2.0,2.0,0.25,2.0,0.5,1.0,1.0,0.5,1.0,1.0,1.0,2.0,1.0
Chansey,113,Natural Cure~Serene Grace~Healer,Normal,250,5,5,35,105,50,11,346,Egg Pokémon,1,1.0,False,False,False,False,True,False,395,30,Fairy,40.0,140,True,Happiny,Pink,Upright,71.0,1.0,1.0,1.0,1.0,1.0,1.0,2.0,1.0,1.0,1.0,1.0,1.0,1.0,0.0,1.0,1.0,1.0,1.0
Tangela,114,Chlorophyll~Leaf Guard~Regenerator,Grass,65,55,115,100,40,60,10,350,Vine Pokémon,1,0.5,False,False,False,False,True,False,87,45,Grass,20.0,70,True,,Blue,Legs,43.0,1.0,2.0,0.5,0.5,0.5,2.0,1.0,2.0,0.5,2.0,1.0,2.0,1.0,1.0,1.0,1.0,1.0,1.0
Kangaskhan,115,Early Bird~Scrappy~Inner Focus,Normal,105,95,80,40,80,90,22,800,Parent Pokémon,1,1.0,False,False,False,False,True,True,172,45,Monster,20.0,70,False,,Brown,Upright,71.0,1.0,1.0,1.0,1.0,1.0,1.0,2.0,1.0,1.0,1.0,1.0,1.0,1.0,0.0,1.0,1.0,1.0,1.0
Horsea,116,Swift Swim~Sniper~Damp,Water,30,40,70,70,25,60,4,80,Dragon Pokémon,1,0.5,False,False,False,False,True,False,59,225,Water 1~Dragon,20.0,70,True,,Blue,Blob,72.0,1.0,0.5,0.5,2.0,2.0,0.5,1.0,1.0,1.0,1.0,1.0,1.0,1.0,1.0,1.0,1.0,0.5,1.0
Seadra,117,Poison Point~Sniper~Damp,Water,55,65,95,95,45,85,12,250,Dragon Pokémon,1,0.5,False,False,False,False,True,False,154,75,Water 1~Dragon,20.0,70,True,Horsea,Blue,Blob,72.0,1.0,0.5,0.5,2.0,2.0,0.5,1.0,1.0,1.0,1.0,1.0,1.0,1.0,1.0,1.0,1.0,0.5,1.0
Goldeen,118,Swift Swim~Water Veil~Lightning Rod,Water,45,67,60,35,50,63,6,150,Goldfish Pokémon,1,0.5,False,False,False,False,True,False,64,225,Water 2,20.0,70,True,,Red,Fish,72.0,1.0,0.5,0.5,2.0,2.0,0.5,1.0,1.0,1.0,1.0,1.0,1.0,1.0,1.0,1.0,1.0,0.5,1.0
Seaking,119,Swift Swim~Water Veil~Lightning Rod,Water,80,92,65,65,80,68,13,390,Goldfish Pokémon,1,0.5,False,False,False,False,True,False,158,60,Water 2,20.0,70,False,Goldeen,Red,Fish,72.0,1.0,0.5,0.5,2.0,2.0,0.5,1.0,1.0,1.0,1.0,1.0,1.0,1.0,1.0,1.0,1.0,0.5,1.0
Staryu,120,Illuminate~Natural Cure~Analytic,Water,30,45,55,70,55,85,8,345,Star Shape Pokémon,1,0.0,True,False,False,False,True,False,68,225,Water 3,20.0,70,True,,Brown,Blob,72.0,1.0,0.5,0.5,2.0,2.0,0.5,1.0,1.0,1.0,1.0,1.0,1.0,1.0,1.0,1.0,1.0,0.5,1.0
Starmie,121,Illuminate~Natural Cure~Analytic,Water~Psychic,60,75,85,100,85,115,11,800,Mysterious Pokémon,1,0.0,True,False,False,False,True,False,182,60,Water 3,20.0,70,False,Staryu,Purple,Blob,6.0,1.0,0.5,0.5,2.0,2.0,0.5,0.5,1.0,1.0,1.0,0.5,2.0,1.0,2.0,1.0,2.0,0.5,1.0
Mr Mime,122,Soundproof~Filter~Technician,Psychic~Fairy,40,45,65,100,120,90,13,545,Barrier Pokémon,1,0.5,False,False,False,False,True,False,161,45,Human-Like,25.0,70,False,Mime Jr,Pink,Humanoid,9.0,1.0,1.0,1.0,1.0,1.0,1.0,0.25,2.0,1.0,1.0,0.5,1.0,1.0,2.0,0.0,1.0,2.0,1.0
Scyther,123,Swarm~Technician~Steadfast,Bug~Flying,70,110,80,55,80,105,15,560,Mantis Pokémon,1,0.5,False,False,False,False,True,False,100,45,Bug,25.0,70,True,,Green,Bug-Wings,14.0,1.0,2.0,1.0,2.0,0.25,2.0,0.25,1.0,0.0,2.0,1.0,0.5,4.0,1.0,1.0,1.0,1.0,1.0
Jynx,124,Oblivious~Forewarn~Dry Skin,Ice~Psychic,65,50,35,115,95,95,14,406,Human Shape Pokémon,1,1.0,False,False,False,False,True,False,159,45,Human-Like,25.0,70,False,Smoochum,Red,Humanoid,5.0,1.0,2.0,1.0,1.0,1.0,0.5,1.0,1.0,1.0,1.0,0.5,2.0,2.0,2.0,1.0,2.0,2.0,1.0
Electabuzz,125,Static~Vital Spirit,Electric,65,83,57,95,85,105,11,300,Electric Pokémon,1,0.25,False,False,False,False,True,False,172,45,Human-Like,25.0,70,True,Elekid,Yellow,Upright,34.0,1.0,1.0,1.0,0.5,1.0,1.0,1.0,1.0,2.0,0.5,1.0,1.0,1.0,1.0,1.0,1.0,0.5,1.0
Magmar,126,Flame Body~Vital Spirit,Fire,65,95,57,100,85,93,13,445,Spitfire Pokémon,1,0.25,False,False,False,False,True,False,173,45,Human-Like,25.0,70,True,Magby,Red,Upright,34.0,1.0,0.5,2.0,1.0,0.5,0.5,1.0,1.0,2.0,1.0,1.0,0.5,2.0,1.0,1.0,1.0,0.5,0.5
Pinsir,127,Hyper Cutter~Mold Breaker~Moxie,Bug,65,125,100,55,70,85,15,550,Stag Beetle Pokémon,1,0.5,False,False,False,False,True,True,175,45,Bug,25.0,70,False,,Brown,Humanoid,19.0,1.0,2.0,1.0,1.0,0.5,1.0,0.5,1.0,0.5,2.0,1.0,1.0,2.0,1.0,1.0,1.0,1.0,1.0
Tauros,128,Intimidate~Anger Point~Sheer Force,Normal,75,100,95,40,70,110,14,884,Wild Bull Pokémon,1,0.0,False,False,False,False,True,False,172,45,Field,20.0,70,False,,Brown,Quadruped,71.0,1.0,1.0,1.0,1.0,1.0,1.0,2.0,1.0,1.0,1.0,1.0,1.0,1.0,0.0,1.0,1.0,1.0,1.0
Magikarp,129,Swift Swim~Rattled,Water,20,10,55,15,20,80,9,100,Fish Pokémon,1,0.5,False,False,False,False,True,False,40,255,Water 2~Dragon,5.0,70,True,,Red,Fish,72.0,1.0,0.5,0.5,2.0,2.0,0.5,1.0,1.0,1.0,1.0,1.0,1.0,1.0,1.0,1.0,1.0,0.5,1.0
Gyarados,130,Intimidate~Moxie,Water~Flying,95,125,79,60,100,81,65,2350,Atrocious Pokémon,1,0.5,False,False,False,False,True,True,189,45,Water 2~Dragon,5.0,70,False,Magikarp,Blue,Squiggle,8.0,1.0,0.5,0.5,4.0,1.0,1.0,0.5,1.0,0.0,1.0,1.0,0.5,2.0,1.0,1.0,1.0,0.5,1.0
Lapras,131,Water Absorb~Shell Armor~Hydration,Water~Ice,130,85,80,85,95,60,25,2200,Transport Pokémon,1,0.5,False,False,False,False,True,False,187,45,Monster~Water 1,40.0,70,False,,Blue,Fish,7.0,1.0,1.0,0.5,2.0,2.0,0.25,2.0,1.0,1.0,1.0,1.0,1.0,2.0,1.0,1.0,1.0,1.0,1.0
Ditto,132,Limber~Imposter,Normal,48,48,48,48,48,48,3,40,Transform Pokémon,1,0.0,True,False,False,False,True,False,101,35,Ditto,20.0,70,False,,Purple,Ball,71.0,1.0,1.0,1.0,1.0,1.0,1.0,2.0,1.0,1.0,1.0,1.0,1.0,1.0,0.0,1.0,1.0,1.0,1.0
Eevee,133,Run Away~Adaptability~Anticipation,Normal,55,55,50,45,65,55,3,65,Evolution Pokémon,1,0.125,False,False,False,False,True,False,65,45,Field,35.0,70,True,,Brown,Quadruped,71.0,1.0,1.0,1.0,1.0,1.0,1.0,2.0,1.0,1.0,1.0,1.0,1.0,1.0,0.0,1.0,1.0,1.0,1.0
Vaporeon,134,Water Absorb~Hydration,Water,130,65,60,110,95,65,10,290,Bubble Jet Pokémon,1,0.125,False,False,False,False,True,False,184,45,Field,35.0,70,False,Eevee,Blue,Quadruped,72.0,1.0,0.5,0.5,2.0,2.0,0.5,1.0,1.0,1.0,1.0,1.0,1.0,1.0,1.0,1.0,1.0,0.5,1.0
Jolteon,135,Volt Absorb~Quick Feet,Electric,65,65,60,110,95,130,8,245,Lightning Pokémon,1,0.125,False,False,False,False,True,False,184,45,Field,35.0,70,False,Eevee,Yellow,Quadruped,34.0,1.0,1.0,1.0,0.5,1.0,1.0,1.0,1.0,2.0,0.5,1.0,1.0,1.0,1.0,1.0,1.0,0.5,1.0
Flareon,136,Flash Fire~Guts,Fire,65,130,60,95,110,65,9,250,Flame Pokémon,1,0.125,False,False,False,False,True,False,184,45,Field,35.0,70,False,Eevee,Red,Quadruped,34.0,1.0,0.5,2.0,1.0,0.5,0.5,1.0,1.0,2.0,1.0,1.0,0.5,2.0,1.0,1.0,1.0,0.5,0.5
Porygon,137,Trace~Download~Analytic,Normal,65,60,70,85,75,40,8,365,Virtual Pokémon,1,0.0,True,False,False,False,True,False,79,45,Mineral,20.0,70,True,,Pink,Legs,71.0,1.0,1.0,1.0,1.0,1.0,1.0,2.0,1.0,1.0,1.0,1.0,1.0,1.0,0.0,1.0,1.0,1.0,1.0
Omanyte,138,Swift Swim~Shell Armor~Weak Armor,Rock~Water,35,40,100,90,55,35,4,75,Spiral Pokémon,1,0.125,False,False,False,False,True,False,71,45,Water 1~Water 3,30.0,70,True,,Blue,Tentacles,11.0,0.5,0.25,1.0,2.0,4.0,0.5,2.0,0.5,2.0,0.5,1.0,1.0,1.0,1.0,1.0,1.0,1.0,1.0
Omastar,139,Swift Swim~Shell Armor~Weak Armor,Rock~Water,70,60,125,115,70,55,10,350,Spiral Pokémon,1,0.125,False,False,False,False,True,False,173,45,Water 1~Water 3,30.0,70,False,Omanyte,Blue,Tentacles,11.0,0.5,0.25,1.0,2.0,4.0,0.5,2.0,0.5,2.0,0.5,1.0,1.0,1.0,1.0,1.0,1.0,1.0,1.0
Kabuto,140,Swift Swim~Battle Armor~Weak Armor,Rock~Water,30,80,90,55,45,55,5,115,Shellfish Pokémon,1,0.125,False,False,False,False,True,False,71,45,Water 1~Water 3,30.0,70,True,,Brown,Armor,11.0,0.5,0.25,1.0,2.0,4.0,0.5,2.0,0.5,2.0,0.5,1.0,1.0,1.0,1.0,1.0,1.0,1.0,1.0
Kabutops,141,Swift Swim~Battle Armor~Weak Armor,Rock~Water,60,115,105,65,70,80,13,405,Shellfish Pokémon,1,0.125,False,False,False,False,True,False,173,45,Water 1~Water 3,30.0,70,False,Kabuto,Brown,Upright,11.0,0.5,0.25,1.0,2.0,4.0,0.5,2.0,0.5,2.0,0.5,1.0,1.0,1.0,1.0,1.0,1.0,1.0,1.0
Aerodactyl,142,Rock Head~Pressure~Unnerve,Rock~Flying,80,105,65,60,75,130,18,590,Fossil Pokémon,1,0.125,False,False,False,False,True,True,180,45,Flying,35.0,70,False,,Purple,Wings,6.0,0.5,0.5,2.0,2.0,1.0,2.0,1.0,0.5,0.0,0.5,1.0,0.5,2.0,1.0,1.0,1.0,2.0,1.0
Snorlax,143,Immunity~Thick Fat~Gluttony,Normal,160,110,65,65,110,30,21,4600,Sleeping Pokémon,1,0.125,False,False,False,False,True,False,189,25,Monster,40.0,70,False,Munchlax,Black,Humanoid,71.0,1.0,1.0,1.0,1.0,1.0,1.0,2.0,1.0,1.0,1.0,1.0,1.0,1.0,0.0,1.0,1.0,1.0,1.0
Articuno,144,Pressure~Snow Cloak,Ice~Flying,90,85,100,95,125,85,17,554,Freeze Pokémon,1,0.0,True,False,True,False,True,False,261,3,Undiscovered,80.0,35,False,,Blue,Wings,2.0,1.0,2.0,1.0,2.0,0.5,1.0,1.0,1.0,0.0,1.0,1.0,0.5,4.0,1.0,1.0,1.0,2.0,1.0
Zapdos,145,Pressure~Static,Electric~Flying,90,90,85,125,90,100,16,526,Electric Pokémon,1,0.0,True,False,True,False,True,False,261,3,Undiscovered,80.0,35,False,,Yellow,Wings,6.0,1.0,1.0,1.0,1.0,0.5,2.0,0.5,1.0,0.0,0.5,1.0,0.5,2.0,1.0,1.0,1.0,0.5,1.0
Moltres,146,Pressure~Flame Body,Fire~Flying,90,100,90,125,85,90,20,600,Flame Pokémon,1,0.0,True,False,True,False,True,False,261,3,Undiscovered,80.0,35,False,,Yellow,Wings,7.0,1.0,0.5,2.0,2.0,0.25,1.0,0.5,1.0,0.0,1.0,1.0,0.25,4.0,1.0,1.0,1.0,0.5,0.5
Dratini,147,Shed Skin~Marvel Scale,Dragon,41,64,45,50,50,50,18,33,Dragon Pokémon,1,0.5,False,False,False,False,True,False,60,45,Water 1~Dragon,40.0,35,True,,Blue,Squiggle,13.0,1.0,0.5,0.5,0.5,0.5,2.0,1.0,1.0,1.0,1.0,1.0,1.0,1.0,1.0,2.0,1.0,1.0,2.0
Dragonair,148,Shed Skin~Marvel Scale,Dragon,61,84,65,70,70,70,40,165,Dragon Pokémon,1,0.5,False,False,False,False,True,False,147,45,Water 1~Dragon,40.0,35,True,Dratini,Blue,Squiggle,13.0,1.0,0.5,0.5,0.5,0.5,2.0,1.0,1.0,1.0,1.0,1.0,1.0,1.0,1.0,2.0,1.0,1.0,2.0
Dragonite,149,Inner Focus~Multiscale,Dragon~Flying,91,134,95,100,100,80,22,2100,Dragon Pokémon,1,0.5,False,False,False,False,True,False,270,45,Water 1~Dragon,40.0,35,False,Dragonair,Brown,Upright,8.0,1.0,0.5,0.5,1.0,0.25,4.0,0.5,1.0,0.0,1.0,1.0,0.5,2.0,1.0,2.0,1.0,1.0,2.0
Mewtwo,150,Pressure~Unnerve,Psychic,106,110,90,154,90,130,20,1220,Genetic Pokémon,1,0.0,True,False,True,False,True,True,306,3,Undiscovered,120.0,0,False,,Purple,Upright,45.0,1.0,1.0,1.0,1.0,1.0,1.0,0.5,1.0,1.0,1.0,0.5,2.0,1.0,2.0,1.0,2.0,1.0,1.0
Mew,151,Synchronize,Psychic,100,100,100,100,100,100,4,40,New Species Pokémon,1,0.0,True,False,False,True,True,False,270,45,Undiscovered,120.0,100,False,,Pink,Upright,45.0,1.0,1.0,1.0,1.0,1.0,1.0,0.5,1.0,1.0,1.0,0.5,2.0,1.0,2.0,1.0,2.0,1.0,1.0
Chikorita,152,Overgrow~Leaf Guard,Grass,45,49,65,49,65,45,9,64,Leaf Pokémon,2,0.125,False,False,False,False,True,False,64,45,Monster~Grass,20.0,70,True,,Green,Quadruped,43.0,1.0,2.0,0.5,0.5,0.5,2.0,1.0,2.0,0.5,2.0,1.0,2.0,1.0,1.0,1.0,1.0,1.0,1.0
Bayleef,153,Overgrow~Leaf Guard,Grass,60,62,80,63,80,60,12,158,Leaf Pokémon,2,0.125,False,False,False,False,True,False,142,45,Monster~Grass,20.0,70,True,Chikorita,Green,Quadruped,43.0,1.0,2.0,0.5,0.5,0.5,2.0,1.0,2.0,0.5,2.0,1.0,2.0,1.0,1.0,1.0,1.0,1.0,1.0
Meganium,154,Overgrow~Leaf Guard,Grass,80,82,100,83,100,80,18,1005,Herb Pokémon,2,0.125,False,False,False,False,True,False,236,45,Monster~Grass,20.0,70,False,Bayleef,Green,Quadruped,43.0,1.0,2.0,0.5,0.5,0.5,2.0,1.0,2.0,0.5,2.0,1.0,2.0,1.0,1.0,1.0,1.0,1.0,1.0
Cyndaquil,155,Blaze~Flash Fire,Fire,39,52,43,60,50,65,5,79,Fire Mouse Pokémon,2,0.125,False,False,False,False,True,False,62,45,Field,20.0,70,True,,Yellow,Humanoid,34.0,1.0,0.5,2.0,1.0,0.5,0.5,1.0,1.0,2.0,1.0,1.0,0.5,2.0,1.0,1.0,1.0,0.5,0.5
Quilava,156,Blaze~Flash Fire,Fire,58,64,58,80,65,80,9,190,Volcano Pokémon,2,0.125,False,False,False,False,True,False,142,45,Field,20.0,70,True,Cyndaquil,Yellow,Quadruped,34.0,1.0,0.5,2.0,1.0,0.5,0.5,1.0,1.0,2.0,1.0,1.0,0.5,2.0,1.0,1.0,1.0,0.5,0.5
Typhlosion,157,Blaze~Flash Fire,Fire,78,84,78,109,85,100,17,795,Volcano Pokémon,2,0.125,False,False,False,False,True,False,240,45,Field,20.0,70,False,Quilava,Yellow,Quadruped,34.0,1.0,0.5,2.0,1.0,0.5,0.5,1.0,1.0,2.0,1.0,1.0,0.5,2.0,1.0,1.0,1.0,0.5,0.5
Totodile,158,Torrent~Sheer Force,Water,50,65,64,44,48,43,6,95,Big Jaw Pokémon,2,0.125,False,False,False,False,True,False,63,45,Monster~Water 1,20.0,70,True,,Blue,Upright,72.0,1.0,0.5,0.5,2.0,2.0,0.5,1.0,1.0,1.0,1.0,1.0,1.0,1.0,1.0,1.0,1.0,0.5,1.0
Croconaw,159,Torrent~Sheer Force,Water,65,80,80,59,63,58,11,250,Big Jaw Pokémon,2,0.125,False,False,False,False,True,False,142,45,Monster~Water 1,20.0,70,True,Totodile,Blue,Upright,72.0,1.0,0.5,0.5,2.0,2.0,0.5,1.0,1.0,1.0,1.0,1.0,1.0,1.0,1.0,1.0,1.0,0.5,1.0
Feraligatr,160,Torrent~Sheer Force,Water,85,105,100,79,83,78,23,888,Big Jaw Pokémon,2,0.125,False,False,False,False,True,False,239,45,Monster~Water 1,20.0,70,False,Croconaw,Blue,Upright,72.0,1.0,0.5,0.5,2.0,2.0,0.5,1.0,1.0,1.0,1.0,1.0,1.0,1.0,1.0,1.0,1.0,0.5,1.0
Sentret,161,Run Away~Keen Eye~Frisk,Normal,35,46,34,35,45,20,8,60,Scout Pokémon,2,0.5,False,False,False,False,True,False,43,255,Field,15.0,70,True,,Brown,Quadruped,71.0,1.0,1.0,1.0,1.0,1.0,1.0,2.0,1.0,1.0,1.0,1.0,1.0,1.0,0.0,1.0,1.0,1.0,1.0
Furret,162,Run Away~Keen Eye~Frisk,Normal,85,76,64,45,55,90,18,325,Long Body Pokémon,2,0.5,False,False,False,False,True,False,145,90,Field,15.0,70,False,Sentret,Brown,Quadruped,71.0,1.0,1.0,1.0,1.0,1.0,1.0,2.0,1.0,1.0,1.0,1.0,1.0,1.0,0.0,1.0,1.0,1.0,1.0
Hoothoot,163,Insomnia~Keen Eye~Tinted Lens,Normal~Flying,60,30,30,36,56,50,7,212,Owl Pokémon,2,0.5,False,False,False,False,True,False,52,255,Flying,15.0,70,True,,Brown,Wings,27.0,1.0,1.0,1.0,2.0,0.5,2.0,1.0,1.0,0.0,1.0,1.0,0.5,2.0,0.0,1.0,1.0,1.0,1.0
Noctowl,164,Insomnia~Keen Eye~Tinted Lens,Normal~Flying,100,50,50,86,96,70,16,408,Owl Pokémon,2,0.5,False,False,False,False,True,False,158,90,Flying,15.0,70,False,Hoothoot,Brown,Wings,27.0,1.0,1.0,1.0,2.0,0.5,2.0,1.0,1.0,0.0,1.0,1.0,0.5,2.0,0.0,1.0,1.0,1.0,1.0
Ledyba,165,Swarm~Early Bird~Rattled,Bug~Flying,40,20,30,40,80,55,10,108,Five Star Pokémon,2,0.5,False,False,False,False,True,False,53,255,Bug,15.0,70,True,,Red,Wings,14.0,1.0,2.0,1.0,2.0,0.25,2.0,0.25,1.0,0.0,2.0,1.0,0.5,4.0,1.0,1.0,1.0,1.0,1.0
Ledian,166,Swarm~Early Bird~Iron Fist,Bug~Flying,55,35,50,55,110,85,14,356,Five Star Pokémon,2,0.5,False,False,False,False,True,False,137,90,Bug,15.0,70,False,Ledyba,Red,Wings,14.0,1.0,2.0,1.0,2.0,0.25,2.0,0.25,1.0,0.0,2.0,1.0,0.5,4.0,1.0,1.0,1.0,1.0,1.0
Spinarak,167,Swarm~Insomnia~Sniper,Bug~Poison,40,60,40,40,40,30,5,85,String Spit Pokémon,2,0.5,False,False,False,False,True,False,50,255,Bug,15.0,70,True,,Green,Armor,13.0,1.0,2.0,1.0,1.0,0.25,1.0,0.25,0.5,1.0,2.0,2.0,0.5,2.0,1.0,1.0,1.0,1.0,0.5
Ariados,168,Swarm~Insomnia~Sniper,Bug~Poison,70,90,70,60,70,40,11,335,Long Leg Pokémon,2,0.5,False,False,False,False,True,False,140,90,Bug,15.0,70,False,Spinarak,Red,Armor,13.0,1.0,2.0,1.0,1.0,0.25,1.0,0.25,0.5,1.0,2.0,2.0,0.5,2.0,1.0,1.0,1.0,1.0,0.5
Crobat,169,Inner Focus~Infiltrator,Poison~Flying,85,90,80,70,80,130,18,750,Bat Pokémon,2,0.5,False,False,False,False,True,False,241,90,Flying,15.0,70,False,Golbat,Purple,Bug-Wings,3.0,1.0,1.0,1.0,2.0,0.25,2.0,0.25,0.5,0.0,1.0,2.0,0.25,2.0,1.0,1.0,1.0,1.0,0.5
Chinchou,170,Volt Absorb~Illuminate~Water Absorb,Water~Electric,75,38,38,56,56,67,5,120,Angler Pokémon,2,0.5,False,False,False,False,True,False,66,190,Water 2,20.0,70,True,,Blue,Fish,3.0,1.0,0.5,0.5,1.0,2.0,0.5,1.0,1.0,2.0,0.5,1.0,1.0,1.0,1.0,1.0,1.0,0.25,1.0
Lanturn,171,Volt Absorb~Illuminate~Water Absorb,Water~Electric,125,58,58,76,76,67,12,225,Light Pokémon,2,0.5,False,False,False,False,True,False,161,75,Water 2,20.0,70,False,Chinchou,Blue,Fish,3.0,1.0,0.5,0.5,1.0,2.0,0.5,1.0,1.0,2.0,0.5,1.0,1.0,1.0,1.0,1.0,1.0,0.25,1.0
Pichu,172,Static~Lightning Rod,Electric,20,40,15,35,35,60,3,20,Tiny Mouse Pokémon,2,0.5,False,True,False,False,True,False,41,190,Undiscovered,10.0,70,True,,Yellow,Quadruped,34.0,1.0,1.0,1.0,0.5,1.0,1.0,1.0,1.0,2.0,0.5,1.0,1.0,1.0,1.0,1.0,1.0,0.5,1.0
Cleffa,173,Cute Charm~Magic Guard~Friend Guard,Fairy,50,25,28,45,55,15,3,30,Star Shape Pokémon,2,0.75,False,True,False,False,True,False,44,150,Undiscovered,10.0,140,True,,Pink,Upright,19.0,1.0,1.0,1.0,1.0,1.0,1.0,0.5,2.0,1.0,1.0,1.0,0.5,1.0,1.0,0.0,0.5,2.0,1.0
Igglybuff,174,Cute Charm~Competitive~Friend Guard,Normal~Fairy,90,30,15,40,20,15,3,10,Balloon Pokémon,2,0.75,False,True,False,False,True,False,42,170,Undiscovered,10.0,70,True,,Pink,Humanoid,5.0,1.0,1.0,1.0,1.0,1.0,1.0,1.0,2.0,1.0,1.0,1.0,0.5,1.0,0.0,0.0,0.5,2.0,1.0
Togepi,175,Hustle~Serene Grace~Super Luck,Fairy,35,20,65,40,65,20,3,15,Spike Ball Pokémon,2,0.125,False,True,False,False,True,False,49,190,Undiscovered,10.0,70,True,,White,Humanoid,19.0,1.0,1.0,1.0,1.0,1.0,1.0,0.5,2.0,1.0,1.0,1.0,0.5,1.0,1.0,0.0,0.5,2.0,1.0
Togetic,176,Hustle~Serene Grace~Super Luck,Fairy~Flying,55,40,85,80,105,40,6,32,Happiness Pokémon,2,0.125,False,False,False,False,True,False,142,75,Flying~Fairy,10.0,70,True,Togepi,White,Humanoid,2.0,1.0,1.0,1.0,2.0,0.5,2.0,0.25,2.0,0.0,1.0,1.0,0.25,2.0,1.0,0.0,0.5,2.0,1.0
Natu,177,Synchronize~Early Bird~Magic Bounce,Psychic~Flying,40,50,45,70,45,70,2,20,Tiny Bird Pokémon,2,0.5,False,False,False,False,True,False,64,190,Flying,20.0,70,True,,Green,Wings,8.0,1.0,1.0,1.0,2.0,0.5,2.0,0.25,1.0,0.0,1.0,0.5,1.0,2.0,2.0,1.0,2.0,1.0,1.0
Xatu,178,Synchronize~Early Bird~Magic Bounce,Psychic~Flying,65,75,70,95,70,95,15,150,Mystic Pokémon,2,0.5,False,False,False,False,True,False,165,75,Flying,20.0,70,False,Natu,Green,Wings,8.0,1.0,1.0,1.0,2.0,0.5,2.0,0.25,1.0,0.0,1.0,0.5,1.0,2.0,2.0,1.0,2.0,1.0,1.0
Mareep,179,Static~Plus,Electric,55,40,40,65,45,35,6,78,Wool Pokémon,2,0.5,False,False,False,False,True,False,56,235,Monster~Field,20.0,70,True,,White,Quadruped,34.0,1.0,1.0,1.0,0.5,1.0,1.0,1.0,1.0,2.0,0.5,1.0,1.0,1.0,1.0,1.0,1.0,0.5,1.0
Flaaffy,180,Static~Plus,Electric,70,55,55,80,60,45,8,133,Wool Pokémon,2,0.5,False,False,False,False,True,False,128,120,Monster~Field,20.0,70,True,Mareep,Pink,Upright,34.0,1.0,1.0,1.0,0.5,1.0,1.0,1.0,1.0,2.0,0.5,1.0,1.0,1.0,1.0,1.0,1.0,0.5,1.0
Ampharos,181,Static~Plus,Electric,90,75,85,115,90,55,14,615,Light Pokémon,2,0.5,False,False,False,False,True,True,230,45,Monster~Field,20.0,70,False,Flaaffy,Yellow,Upright,34.0,1.0,1.0,1.0,0.5,1.0,1.0,1.0,1.0,2.0,0.5,1.0,1.0,1.0,1.0,1.0,1.0,0.5,1.0
Bellossom,182,Chlorophyll~Healer,Grass,75,80,95,90,100,50,4,58,Flower Pokémon,2,0.5,False,False,False,False,True,False,221,45,Grass,20.0,70,False,Gloom,Green,Humanoid,43.0,1.0,2.0,0.5,0.5,0.5,2.0,1.0,2.0,0.5,2.0,1.0,2.0,1.0,1.0,1.0,1.0,1.0,1.0
Marill,183,Thick Fat~Huge Power~Sap Sipper,Water~Fairy,70,20,50,20,50,40,4,85,Aqua Mouse Pokémon,2,0.5,False,False,False,False,True,False,88,190,Water 1~Fairy,10.0,70,True,Azurill,Blue,Upright,4.0,1.0,0.5,0.5,2.0,2.0,0.5,0.5,2.0,1.0,1.0,1.0,0.5,1.0,1.0,0.0,0.5,1.0,1.0
Azumarill,184,Thick Fat~Huge Power~Sap Sipper,Water~Fairy,100,50,80,60,80,50,8,285,Aqua Rabbit Pokémon,2,0.5,False,False,False,False,True,False,189,75,Water 1~Fairy,10.0,70,False,Marill,Blue,Upright,4.0,1.0,0.5,0.5,2.0,2.0,0.5,0.5,2.0,1.0,1.0,1.0,0.5,1.0,1.0,0.0,0.5,1.0,1.0
Sudowoodo,185,Sturdy~Rock Head~Rattled,Rock,70,100,115,30,65,30,12,380,Imitation Pokémon,2,0.5,False,False,False,False,True,False,144,65,Mineral,20.0,70,False,Bonsly,Brown,Humanoid,16.0,0.5,0.5,2.0,1.0,2.0,1.0,2.0,0.5,2.0,0.5,1.0,1.0,1.0,1.0,1.0,1.0,2.0,1.0
Politoed,186,Water Absorb~Damp~Drizzle,Water,90,75,75,90,100,70,11,339,Frog Pokémon,2,0.5,False,False,False,False,True,False,225,45,Water 1,20.0,70,False,Poliwhirl,Green,Humanoid,72.0,1.0,0.5,0.5,2.0,2.0,0.5,1.0,1.0,1.0,1.0,1.0,1.0,1.0,1.0,1.0,1.0,0.5,1.0
Hoppip,187,Chlorophyll~Leaf Guard~Infiltrator,Grass~Flying,35,35,40,35,55,50,4,5,Cottonweed Pokémon,2,0.5,False,False,False,False,True,False,50,255,Fairy~Grass,20.0,70,True,,Pink,Upright,7.0,1.0,2.0,0.5,1.0,0.25,4.0,0.5,2.0,0.0,2.0,1.0,1.0,2.0,1.0,1.0,1.0,1.0,1.0
Skiploom,188,Chlorophyll~Leaf Guard~Infiltrator,Grass~Flying,55,45,50,45,65,80,6,10,Cottonweed Pokémon,2,0.5,False,False,False,False,True,False,119,120,Fairy~Grass,20.0,70,True,Hoppip,Green,Upright,7.0,1.0,2.0,0.5,1.0,0.25,4.0,0.5,2.0,0.0,2.0,1.0,1.0,2.0,1.0,1.0,1.0,1.0,1.0
Jumpluff,189,Chlorophyll~Leaf Guard~Infiltrator,Grass~Flying,75,55,70,55,95,110,8,30,Cottonweed Pokémon,2,0.5,False,False,False,False,True,False,207,45,Fairy~Grass,20.0,70,False,Skiploom,Blue,Upright,7.0,1.0,2.0,0.5,1.0,0.25,4.0,0.5,2.0,0.0,2.0,1.0,1.0,2.0,1.0,1.0,1.0,1.0,1.0
Aipom,190,Run Away~Pickup~Skill Link,Normal,55,70,55,40,55,85,8,115,Long Tail Pokémon,2,0.5,False,False,False,False,True,False,72,45,Field,20.0,70,True,,Purple,Upright,71.0,1.0,1.0,1.0,1.0,1.0,1.0,2.0,1.0,1.0,1.0,1.0,1.0,1.0,0.0,1.0,1.0,1.0,1.0
Sunkern,191,Chlorophyll~Solar Power~Early Bird,Grass,30,30,30,30,30,30,3,18,Seed Pokémon,2,0.5,False,False,False,False,True,False,36,235,Grass,20.0,70,True,,Yellow,Ball,43.0,1.0,2.0,0.5,0.5,0.5,2.0,1.0,2.0,0.5,2.0,1.0,2.0,1.0,1.0,1.0,1.0,1.0,1.0
Sunflora,192,Chlorophyll~Solar Power~Early Bird,Grass,75,75,55,105,85,30,8,85,Sun Pokémon,2,0.5,False,False,False,False,True,False,149,120,Grass,20.0,70,False,Sunkern,Yellow,Humanoid,43.0,1.0,2.0,0.5,0.5,0.5,2.0,1.0,2.0,0.5,2.0,1.0,2.0,1.0,1.0,1.0,1.0,1.0,1.0
Yanma,193,Speed Boost~Compound Eyes~Frisk,Bug~Flying,65,65,45,75,45,95,12,380,Clear Wing Pokémon,2,0.5,False,False,False,False,True,False,78,75,Bug,20.0,70,True,,Red,Bug-Wings,14.0,1.0,2.0,1.0,2.0,0.25,2.0,0.25,1.0,0.0,2.0,1.0,0.5,4.0,1.0,1.0,1.0,1.0,1.0
Wooper,194,Damp~Water Absorb~Unaware,Water~Ground,55,45,45,25,25,15,4,85,Water Fish Pokémon,2,0.5,False,False,False,False,True,False,42,255,Water 1~Field,20.0,70,True,,Blue,Legs,10.0,1.0,0.5,1.0,0.0,4.0,1.0,1.0,0.5,1.0,1.0,1.0,1.0,0.5,1.0,1.0,1.0,0.5,1.0
Quagsire,195,Damp~Water Absorb~Unaware,Water~Ground,95,85,85,65,65,35,14,750,Water Fish Pokémon,2,0.5,False,False,False,False,True,False,151,90,Water 1~Field,20.0,70,False,Wooper,Blue,Upright,10.0,1.0,0.5,1.0,0.0,4.0,1.0,1.0,0.5,1.0,1.0,1.0,1.0,0.5,1.0,1.0,1.0,0.5,1.0
Espeon,196,Synchronize~Magic Bounce,Psychic,65,65,60,130,95,110,9,265,Sun Pokémon,2,0.125,False,False,False,False,True,False,184,45,Field,35.0,70,False,Eevee,Purple,Quadruped,45.0,1.0,1.0,1.0,1.0,1.0,1.0,0.5,1.0,1.0,1.0,0.5,2.0,1.0,2.0,1.0,2.0,1.0,1.0
Umbreon,197,Synchronize~Inner Focus,Dark,95,65,110,60,130,65,10,270,Moonlight Pokémon,2,0.125,False,False,False,False,True,False,184,45,Field,35.0,35,False,Eevee,Black,Quadruped,14.0,1.0,1.0,1.0,1.0,1.0,1.0,2.0,1.0,1.0,1.0,0.0,2.0,1.0,0.5,1.0,0.5,1.0,2.0
Murkrow,198,Insomnia~Super Luck~Prankster,Dark~Flying,60,85,42,85,42,91,5,21,Darkness Pokémon,2,0.5,False,False,False,False,True,False,81,30,Flying,20.0,35,True,,Black,Wings,6.0,1.0,1.0,1.0,2.0,0.5,2.0,1.0,1.0,0.0,1.0,0.0,1.0,2.0,0.5,1.0,0.5,1.0,2.0
Slowking,199,Oblivious~Own Tempo~Regenerator,Water~Psychic,95,75,80,100,110,30,20,795,Royal Pokémon,2,0.5,False,False,False,False,True,False,172,70,Monster~Water 1,20.0,70,False,Slowpoke,Pink,Upright,6.0,1.0,0.5,0.5,2.0,2.0,0.5,0.5,1.0,1.0,1.0,0.5,2.0,1.0,2.0,1.0,2.0,0.5,1.0
Misdreavus,200,Levitate,Ghost,60,60,60,85,85,85,7,10,Screech Pokémon,2,0.5,False,False,False,False,True,False,87,45,Amorphous,25.0,35,True,,Gray,Ball,15.0,0.0,1.0,1.0,1.0,1.0,1.0,0.0,0.5,1.0,1.0,1.0,0.5,1.0,2.0,1.0,2.0,1.0,1.0
Unown,201,Levitate,Psychic,48,72,48,72,48,48,5,50,Symbol Pokémon,2,0.0,True,False,False,False,True,False,118,225,Undiscovered,40.0,70,False,,Black,Ball,45.0,1.0,1.0,1.0,1.0,1.0,1.0,0.5,1.0,1.0,1.0,0.5,2.0,1.0,2.0,1.0,2.0,1.0,1.0
Wobbuffet,202,Shadow Tag~Telepathy,Psychic,190,33,58,33,58,33,13,285,Patient Pokémon,2,0.5,False,False,False,False,True,False,142,45,Amorphous,20.0,70,False,Wynaut,Blue,Blob,45.0,1.0,1.0,1.0,1.0,1.0,1.0,0.5,1.0,1.0,1.0,0.5,2.0,1.0,2.0,1.0,2.0,1.0,1.0
Girafarig,203,Inner Focus~Early Bird~Sap Sipper,Normal~Psychic,70,80,65,90,65,85,15,415,Long Neck Pokémon,2,0.5,False,False,False,False,True,False,159,60,Field,20.0,70,False,,Yellow,Quadruped,5.0,1.0,1.0,1.0,1.0,1.0,1.0,1.0,1.0,1.0,1.0,0.5,2.0,1.0,0.0,1.0,2.0,1.0,1.0
Pineco,204,Sturdy~Overcoat,Bug,50,65,90,35,35,15,6,72,Bagworm Pokémon,2,0.5,False,False,False,False,True,False,58,190,Bug,20.0,70,True,,Gray,Ball,19.0,1.0,2.0,1.0,1.0,0.5,1.0,0.5,1.0,0.5,2.0,1.0,1.0,2.0,1.0,1.0,1.0,1.0,1.0
Forretress,205,Sturdy~Overcoat,Bug~Steel,75,90,140,60,60,40,12,1258,Bagworm Pokémon,2,0.5,False,False,False,False,True,False,163,75,Bug,20.0,70,False,Pineco,Purple,Ball,7.0,0.5,4.0,1.0,1.0,0.25,0.5,1.0,0.0,1.0,1.0,0.5,0.5,1.0,1.0,0.5,1.0,0.5,0.5
Dunsparce,206,Serene Grace~Run Away~Rattled,Normal,100,70,70,65,65,45,15,140,Land Snake Pokémon,2,0.5,False,False,False,False,True,False,145,190,Field,20.0,70,False,,Yellow,Squiggle,71.0,1.0,1.0,1.0,1.0,1.0,1.0,2.0,1.0,1.0,1.0,1.0,1.0,1.0,0.0,1.0,1.0,1.0,1.0
Gligar,207,Hyper Cutter~Sand Veil~Immunity,Ground~Flying,65,75,105,35,65,85,11,648,Fly Scorpion Pokémon,2,0.5,False,False,False,False,True,False,86,60,Bug,20.0,70,True,,Purple,Wings,4.0,1.0,1.0,2.0,0.0,1.0,4.0,0.5,0.5,0.0,1.0,1.0,0.5,1.0,1.0,1.0,1.0,1.0,1.0
Steelix,208,Rock Head~Sturdy~Sheer Force,Steel~Ground,75,85,200,55,65,30,92,4000,Iron Snake Pokémon,2,0.5,False,False,False,False,True,True,179,25,Mineral,25.0,70,False,Onix,Gray,Squiggle,6.0,0.5,2.0,2.0,0.0,1.0,1.0,2.0,0.0,2.0,0.5,0.5,0.5,0.25,1.0,0.5,1.0,0.5,0.5
Snubbull,209,Intimidate~Run Away~Rattled,Fairy,60,80,50,40,40,30,6,78,Fairy Pokémon,2,0.75,False,False,False,False,True,False,60,190,Field~Fairy,20.0,70,True,,Pink,Humanoid,19.0,1.0,1.0,1.0,1.0,1.0,1.0,0.5,2.0,1.0,1.0,1.0,0.5,1.0,1.0,0.0,0.5,2.0,1.0
Granbull,210,Intimidate~Quick Feet~Rattled,Fairy,90,120,75,60,60,45,14,487,Fairy Pokémon,2,0.75,False,False,False,False,True,False,158,75,Field~Fairy,20.0,70,False,Snubbull,Purple,Upright,19.0,1.0,1.0,1.0,1.0,1.0,1.0,0.5,2.0,1.0,1.0,1.0,0.5,1.0,1.0,0.0,0.5,2.0,1.0
Qwilfish,211,Poison Point~Swift Swim~Intimidate,Water~Poison,65,95,85,55,55,85,5,39,Balloon Pokémon,2,0.5,False,False,False,False,True,False,88,45,Water 2,20.0,70,False,,Gray,Fish,6.0,1.0,0.5,0.5,2.0,1.0,0.5,0.5,0.5,2.0,1.0,2.0,0.5,1.0,1.0,1.0,1.0,0.5,0.5
Scizor,212,Swarm~Technician~Light Metal,Bug~Steel,70,130,100,55,80,65,18,1180,Pincer Pokémon,2,0.5,False,False,False,False,True,True,175,25,Bug,25.0,70,False,Scyther,Red,Bug-Wings,7.0,0.5,4.0,1.0,1.0,0.25,0.5,1.0,0.0,1.0,1.0,0.5,0.5,1.0,1.0,0.5,1.0,0.5,0.5
Shuckle,213,Sturdy~Gluttony~Contrary,Bug~Rock,20,10,230,10,230,5,6,205,Mold Pokémon,2,0.5,False,False,False,False,True,False,177,190,Bug,20.0,70,False,,Yellow,Armor,5.0,0.5,1.0,2.0,1.0,1.0,1.0,1.0,0.5,1.0,1.0,1.0,1.0,2.0,1.0,1.0,1.0,2.0,1.0
Heracross,214,Swarm~Guts~Moxie,Bug~Fighting,80,125,75,40,95,85,15,540,Single Horn Pokémon,2,0.5,False,False,False,False,True,True,175,45,Bug,25.0,70,False,,Blue,Humanoid,4.0,1.0,2.0,1.0,1.0,0.5,1.0,0.5,1.0,0.5,4.0,2.0,0.5,1.0,1.0,1.0,0.5,1.0,2.0
Sneasel,215,Inner Focus~Keen Eye~Pickpocket,Dark~Ice,55,95,55,35,75,115,9,280,Sharp Claw Pokémon,2,0.5,False,False,False,False,True,False,86,60,Field,20.0,35,True,,Black,Upright,2.0,1.0,2.0,1.0,1.0,1.0,0.5,4.0,1.0,1.0,1.0,0.0,2.0,2.0,0.5,1.0,0.5,2.0,2.0
Teddiursa,216,Pickup~Quick Feet~Honey Gather,Normal,60,80,50,50,50,40,6,88,Little Bear Pokémon,2,0.5,False,False,False,False,True,False,66,120,Field,20.0,70,True,,Brown,Upright,71.0,1.0,1.0,1.0,1.0,1.0,1.0,2.0,1.0,1.0,1.0,1.0,1.0,1.0,0.0,1.0,1.0,1.0,1.0
Ursaring,217,Guts~Quick Feet~Unnerve,Normal,90,130,75,75,75,55,18,1258,Hibernator Pokémon,2,0.5,False,False,False,False,True,False,175,60,Field,20.0,70,False,Teddiursa,Brown,Upright,71.0,1.0,1.0,1.0,1.0,1.0,1.0,2.0,1.0,1.0,1.0,1.0,1.0,1.0,0.0,1.0,1.0,1.0,1.0
Slugma,218,Magma Armor~Flame Body~Weak Armor,Fire,40,40,40,70,40,20,7,350,Lava Pokémon,2,0.5,False,False,False,False,True,False,50,190,Amorphous,20.0,70,True,,Red,Squiggle,34.0,1.0,0.5,2.0,1.0,0.5,0.5,1.0,1.0,2.0,1.0,1.0,0.5,2.0,1.0,1.0,1.0,0.5,0.5
Magcargo,219,Magma Armor~Flame Body~Weak Armor,Fire~Rock,60,50,120,90,80,30,8,550,Lava Pokémon,2,0.5,False,False,False,False,True,False,151,75,Amorphous,20.0,70,False,Slugma,Red,Squiggle,3.0,0.5,0.25,4.0,1.0,1.0,0.5,2.0,0.5,4.0,0.5,1.0,0.5,2.0,1.0,1.0,1.0,1.0,0.5
Swinub,220,Oblivious~Snow Cloak~Thick Fat,Ice~Ground,50,50,40,30,30,50,4,65,Pig Pokémon,2,0.5,False,False,False,False,True,False,50,225,Field,20.0,70,True,,Brown,Quadruped,3.0,1.0,2.0,2.0,0.0,2.0,1.0,2.0,0.5,1.0,1.0,1.0,1.0,1.0,1.0,1.0,1.0,2.0,1.0
Piloswine,221,Oblivious~Snow Cloak~Thick Fat,Ice~Ground,100,100,80,60,60,50,11,558,Swine Pokémon,2,0.5,False,False,False,False,True,False,158,75,Field,20.0,70,True,Swinub,Brown,Quadruped,3.0,1.0,2.0,2.0,0.0,2.0,1.0,2.0,0.5,1.0,1.0,1.0,1.0,1.0,1.0,1.0,1.0,2.0,1.0
Corsola,222,Hustle~Natural Cure~Regenerator,Water~Rock,65,55,95,65,95,35,6,50,Coral Pokémon,2,0.75,False,False,False,False,True,False,144,60,Water 1~Water 3,20.0,70,True,,Pink,Armor,11.0,0.5,0.25,1.0,2.0,4.0,0.5,2.0,0.5,2.0,0.5,1.0,1.0,1.0,1.0,1.0,1.0,1.0,1.0
Remoraid,223,Hustle~Sniper~Moody,Water,35,65,35,65,35,65,6,120,Jet Pokémon,2,0.5,False,False,False,False,True,False,60,190,Water 1~Water 2,20.0,70,True,,Gray,Fish,72.0,1.0,0.5,0.5,2.0,2.0,0.5,1.0,1.0,1.0,1.0,1.0,1.0,1.0,1.0,1.0,1.0,0.5,1.0
Octillery,224,Suction Cups~Sniper~Moody,Water,75,105,75,105,75,45,9,285,Jet Pokémon,2,0.5,False,False,False,False,True,False,168,75,Water 1~Water 2,20.0,70,False,Remoraid,Red,Tentacles,72.0,1.0,0.5,0.5,2.0,2.0,0.5,1.0,1.0,1.0,1.0,1.0,1.0,1.0,1.0,1.0,1.0,0.5,1.0
Delibird,225,Vital Spirit~Hustle~Insomnia,Ice~Flying,45,55,45,65,45,75,9,160,Delivery Pokémon,2,0.5,False,False,False,False,True,False,116,45,Water 1~Field,20.0,70,False,,Red,Wings,2.0,1.0,2.0,1.0,2.0,0.5,1.0,1.0,1.0,0.0,1.0,1.0,0.5,4.0,1.0,1.0,1.0,2.0,1.0
Mantine,226,Swift Swim~Water Absorb~Water Veil,Water~Flying,85,40,70,80,140,70,21,2200,Kite Pokémon,2,0.5,False,False,False,False,True,False,170,25,Water 1,25.0,70,False,Mantyke,Purple,Wings,8.0,1.0,0.5,0.5,4.0,1.0,1.0,0.5,1.0,0.0,1.0,1.0,0.5,2.0,1.0,1.0,1.0,0.5,1.0
Skarmory,227,Keen Eye~Sturdy~Weak Armor,Steel~Flying,65,80,140,40,70,70,17,505,Armor Bird Pokémon,2,0.5,False,False,False,False,True,False,163,25,Flying,25.0,70,False,,Gray,Wings,3.0,0.5,2.0,1.0,2.0,0.25,1.0,1.0,0.0,0.0,0.5,0.5,0.25,1.0,1.0,0.5,1.0,0.5,0.5
Houndour,228,Early Bird~Flash Fire~Unnerve,Dark~Fire,45,60,30,80,50,65,6,108,Dark Pokémon,2,0.5,False,False,False,False,True,False,66,120,Field,20.0,35,True,,Black,Quadruped,4.0,1.0,0.5,2.0,1.0,0.5,0.5,2.0,1.0,2.0,1.0,0.0,1.0,2.0,0.5,1.0,0.5,0.5,1.0
Houndoom,229,Early Bird~Flash Fire~Unnerve,Dark~Fire,75,90,50,110,80,95,14,350,Dark Pokémon,2,0.5,False,False,False,False,True,True,175,45,Field,20.0,35,False,Houndour,Black,Quadruped,4.0,1.0,0.5,2.0,1.0,0.5,0.5,2.0,1.0,2.0,1.0,0.0,1.0,2.0,0.5,1.0,0.5,0.5,1.0
Kingdra,230,Swift Swim~Sniper~Damp,Water~Dragon,75,95,95,95,95,85,18,1520,Dragon Pokémon,2,0.5,False,False,False,False,True,False,243,45,Water 1~Dragon,20.0,70,False,Seadra,Blue,Blob,3.0,1.0,0.25,0.25,1.0,1.0,1.0,1.0,1.0,1.0,1.0,1.0,1.0,1.0,1.0,2.0,1.0,0.5,2.0
Phanpy,231,Pickup~Sand Veil,Ground,90,60,60,40,40,40,5,335,Long Nose Pokémon,2,0.5,False,False,False,False,True,False,66,120,Field,20.0,70,True,,Blue,Quadruped,17.0,1.0,1.0,2.0,0.0,2.0,2.0,1.0,0.5,1.0,1.0,1.0,1.0,0.5,1.0,1.0,1.0,1.0,1.0
Donphan,232,Sturdy~Sand Veil,Ground,90,120,120,60,60,50,11,1200,Armor Pokémon,2,0.5,False,False,False,False,True,False,175,60,Field,20.0,70,False,Phanpy,Gray,Quadruped,17.0,1.0,1.0,2.0,0.0,2.0,2.0,1.0,0.5,1.0,1.0,1.0,1.0,0.5,1.0,1.0,1.0,1.0,1.0
Porygon2,233,Trace~Download~Analytic,Normal,85,80,90,105,95,60,6,325,Virtual Pokémon,2,0.0,True,False,False,False,True,False,180,45,Mineral,20.0,70,True,Porygon,Red,Legs,71.0,1.0,1.0,1.0,1.0,1.0,1.0,2.0,1.0,1.0,1.0,1.0,1.0,1.0,0.0,1.0,1.0,1.0,1.0
Stantler,234,Intimidate~Frisk~Sap Sipper,Normal,73,95,62,85,65,85,14,712,Big Horn Pokémon,2,0.5,False,False,False,False,True,False,163,45,Field,20.0,70,False,,Brown,Quadruped,71.0,1.0,1.0,1.0,1.0,1.0,1.0,2.0,1.0,1.0,1.0,1.0,1.0,1.0,0.0,1.0,1.0,1.0,1.0
Smeargle,235,Own Tempo~Technician~Moody,Normal,55,20,35,20,45,75,12,580,Painter Pokémon,2,0.5,False,False,False,False,True,False,88,45,Field,20.0,70,False,,White,Upright,71.0,1.0,1.0,1.0,1.0,1.0,1.0,2.0,1.0,1.0,1.0,1.0,1.0,1.0,0.0,1.0,1.0,1.0,1.0
Tyrogue,236,Guts~Steadfast~Vital Spirit,Fighting,35,35,35,35,35,35,7,210,Scuffle Pokémon,2,0.0,False,True,False,False,True,False,42,75,Undiscovered,25.0,70,True,,Purple,Humanoid,29.0,1.0,1.0,1.0,1.0,1.0,1.0,1.0,1.0,1.0,2.0,2.0,0.5,0.5,1.0,1.0,0.5,1.0,2.0
Hitmontop,237,Intimidate~Technician~Steadfast,Fighting,50,95,95,35,110,70,14,480,Handstand Pokémon,2,0.0,False,False,False,False,True,False,159,45,Human-Like,25.0,70,False,Tyrogue,Brown,Upright,29.0,1.0,1.0,1.0,1.0,1.0,1.0,1.0,1.0,1.0,2.0,2.0,0.5,0.5,1.0,1.0,0.5,1.0,2.0
Smoochum,238,Oblivious~Forewarn~Hydration,Ice~Psychic,45,30,15,85,65,65,4,60,Kiss Pokémon,2,1.0,False,True,False,False,True,False,61,45,Undiscovered,25.0,70,True,,Pink,Humanoid,5.0,1.0,2.0,1.0,1.0,1.0,0.5,1.0,1.0,1.0,1.0,0.5,2.0,2.0,2.0,1.0,2.0,2.0,1.0
Elekid,239,Static~Vital Spirit,Electric,45,63,37,65,55,95,6,235,Electric Pokémon,2,0.25,False,True,False,False,True,False,72,45,Undiscovered,25.0,70,True,,Yellow,Humanoid,34.0,1.0,1.0,1.0,0.5,1.0,1.0,1.0,1.0,2.0,0.5,1.0,1.0,1.0,1.0,1.0,1.0,0.5,1.0
Magby,240,Flame Body~Vital Spirit,Fire,45,75,37,70,55,83,7,214,Live Coal Pokémon,2,0.25,False,True,False,False,True,False,73,45,Undiscovered,25.0,70,True,,Red,Upright,34.0,1.0,0.5,2.0,1.0,0.5,0.5,1.0,1.0,2.0,1.0,1.0,0.5,2.0,1.0,1.0,1.0,0.5,0.5
Miltank,241,Thick Fat~Scrappy~Sap Sipper,Normal,95,80,105,40,70,100,12,755,Milk Cow Pokémon,2,1.0,False,False,False,False,True,False,172,45,Field,20.0,70,False,,Pink,Upright,71.0,1.0,1.0,1.0,1.0,1.0,1.0,2.0,1.0,1.0,1.0,1.0,1.0,1.0,0.0,1.0,1.0,1.0,1.0
Blissey,242,Natural Cure~Serene Grace~Healer,Normal,255,10,10,75,135,55,15,468,Happiness Pokémon,2,1.0,False,False,False,False,True,False,608,30,Fairy,40.0,140,False,Chansey,Pink,Humanoid,71.0,1.0,1.0,1.0,1.0,1.0,1.0,2.0,1.0,1.0,1.0,1.0,1.0,1.0,0.0,1.0,1.0,1.0,1.0
Raikou,243,Pressure~Inner Focus,Electric,90,85,75,115,100,115,19,1780,Thunder Pokémon,2,0.0,True,False,True,False,True,False,261,3,Undiscovered,80.0,35,False,,Yellow,Quadruped,34.0,1.0,1.0,1.0,0.5,1.0,1.0,1.0,1.0,2.0,0.5,1.0,1.0,1.0,1.0,1.0,1.0,0.5,1.0
Entei,244,Pressure~Inner Focus,Fire,115,115,85,90,75,100,21,1980,Volcano Pokémon,2,0.0,True,False,True,False,True,False,261,3,Undiscovered,80.0,35,False,,Brown,Quadruped,34.0,1.0,0.5,2.0,1.0,0.5,0.5,1.0,1.0,2.0,1.0,1.0,0.5,2.0,1.0,1.0,1.0,0.5,0.5
Suicune,245,Pressure~Inner Focus,Water,100,75,115,90,115,85,20,1870,Aurora Pokémon,2,0.0,True,False,True,False,True,False,261,3,Undiscovered,80.0,35,False,,Blue,Quadruped,72.0,1.0,0.5,0.5,2.0,2.0,0.5,1.0,1.0,1.0,1.0,1.0,1.0,1.0,1.0,1.0,1.0,0.5,1.0
Larvitar,246,Guts~Sand Veil,Rock~Ground,50,64,50,45,50,41,6,720,Rock Skin Pokémon,2,0.5,False,False,False,False,True,False,60,45,Monster,40.0,35,True,,Green,Upright,9.0,0.5,0.5,4.0,0.0,4.0,2.0,2.0,0.25,2.0,0.5,1.0,1.0,0.5,1.0,1.0,1.0,2.0,1.0
Pupitar,247,Shed Skin,Rock~Ground,70,84,70,65,70,51,12,1520,Hard Shell Pokémon,2,0.5,False,False,False,False,True,False,144,45,Monster,40.0,35,True,Larvitar,Gray,Squiggle,9.0,0.5,0.5,4.0,0.0,4.0,2.0,2.0,0.25,2.0,0.5,1.0,1.0,0.5,1.0,1.0,1.0,2.0,1.0
Tyranitar,248,Sand Stream~Unnerve,Rock~Dark,100,134,110,95,100,61,20,2020,Armor Pokémon,2,0.5,False,False,False,False,True,True,270,45,Monster,40.0,35,False,Pupitar,Green,Upright,2.0,0.5,0.5,2.0,1.0,2.0,1.0,4.0,0.5,2.0,0.5,0.0,2.0,1.0,0.5,1.0,0.5,2.0,2.0
Lugia,249,Pressure~Multiscale,Psychic~Flying,106,90,130,90,154,110,52,2160,Diving Pokémon,2,0.0,True,False,True,False,True,False,306,3,Undiscovered,120.0,0,False,,White,Wings,8.0,1.0,1.0,1.0,2.0,0.5,2.0,0.25,1.0,0.0,1.0,0.5,1.0,2.0,2.0,1.0,2.0,1.0,1.0
Ho Oh,250,Pressure~Regenerator,Fire~Flying,106,130,90,110,154,90,38,1990,Rainbow Pokémon,2,0.0,True,False,True,False,True,False,306,3,Undiscovered,120.0,0,False,,Red,Wings,7.0,1.0,0.5,2.0,2.0,0.25,1.0,0.5,1.0,0.0,1.0,1.0,0.25,4.0,1.0,1.0,1.0,0.5,0.5
Celebi,251,Natural Cure,Psychic~Grass,100,100,100,100,100,100,6,50,Time Travel Pokémon,2,0.0,True,False,False,True,True,False,270,45,Undiscovered,120.0,100,False,,Green,Humanoid,4.0,1.0,2.0,0.5,0.5,0.5,2.0,0.5,2.0,0.5,2.0,0.5,4.0,1.0,2.0,1.0,2.0,1.0,1.0
